MatchID,MapID,MapName
2366986/big-academy-vs-entropiq-esea-advanced-season-46-europe,163463,Inferno
2366986/big-academy-vs-entropiq-esea-advanced-season-46-europe,163467,Anubis
2366986/big-academy-vs-entropiq-esea-advanced-season-46-europe,163477,Overpass
2366987/los-kogutos-vs-7am-esea-advanced-season-46-europe,163470,Ancient
2366987/los-kogutos-vs-7am-esea-advanced-season-46-europe,163478,Anubis
2366947/9-pandas-vs-falcons-cct-north-europe-series-8,163464,Overpass
2366947/9-pandas-vs-falcons-cct-north-europe-series-8,163474,Mirage
2366807/1win-vs-mibr-cct-2023-online-finals-3,163462,Vertigo
2366807/1win-vs-mibr-cct-2023-online-finals-3,163471,Mirage
2366946/ecstatic-vs-aurora-young-blud-cct-north-europe-series-8,163454,Overpass
2366946/ecstatic-vs-aurora-young-blud-cct-north-europe-series-8,163458,Vertigo
2366946/ecstatic-vs-aurora-young-blud-cct-north-europe-series-8,163461,Ancient
2366806/mibr-vs-preasy-cct-2023-online-finals-3,163457,Ancient
2366806/mibr-vs-preasy-cct-2023-online-finals-3,163460,Mirage
2366882/bravado-vs-nixuh-telkom-vs-gaming-masters-2023,163451,Ancient
2366882/bravado-vs-nixuh-telkom-vs-gaming-masters-2023,163453,Vertigo
2366882/bravado-vs-nixuh-telkom-vs-gaming-masters-2023,163455,Nuke
2366882/bravado-vs-nixuh-telkom-vs-gaming-masters-2023,163459,Inferno
2366945/los-kogutos-vs-preasy-cct-north-europe-series-8,163448,Mirage
2366945/los-kogutos-vs-preasy-cct-north-europe-series-8,163449,Ancient
2366945/los-kogutos-vs-preasy-cct-north-europe-series-8,163452,Vertigo
2366728/bestia-vs-pain-cbcs-2023-season-2,163435,Nuke
2366728/bestia-vs-pain-cbcs-2023-season-2,163443,Inferno
2366728/bestia-vs-pain-cbcs-2023-season-2,163444,Anubis
2366955/thunderflash-vs-zero-tenacity-hardplay-cup-7,163428,Inferno
2366955/thunderflash-vs-zero-tenacity-hardplay-cup-7,163430,Anubis
2366955/thunderflash-vs-zero-tenacity-hardplay-cup-7,163434,Nuke
2366805/alternate-attax-vs-preasy-cct-2023-online-finals-3,163427,Mirage
2366805/alternate-attax-vs-preasy-cct-2023-online-finals-3,163431,Ancient
2366805/alternate-attax-vs-preasy-cct-2023-online-finals-3,163433,Inferno
2366727/fluxo-vs-pain-cbcs-2023-season-2,163429,Vertigo
2366727/fluxo-vs-pain-cbcs-2023-season-2,163432,Overpass
2366129/eternal-fire-vs-liquid-esl-pro-league-season-18,163425,Vertigo
2366129/eternal-fire-vs-liquid-esl-pro-league-season-18,163426,Mirage
2366726/bestia-vs-case-cbcs-2023-season-2,163414,Mirage
2366726/bestia-vs-case-cbcs-2023-season-2,163418,Inferno
2366726/bestia-vs-case-cbcs-2023-season-2,163424,Overpass
2366954/websterz-vs-betera-hardplay-cup-7,163415,Nuke
2366954/websterz-vs-betera-hardplay-cup-7,163420,Anubis
2366954/websterz-vs-betera-hardplay-cup-7,163423,Inferno
2366944/pompa-vs-aurora-young-blud-cct-north-europe-series-8,163413,Inferno
2366944/pompa-vs-aurora-young-blud-cct-north-europe-series-8,163419,Vertigo
2366944/pompa-vs-aurora-young-blud-cct-north-europe-series-8,163422,Ancient
2366804/1win-vs-mibr-cct-2023-online-finals-3,163417,Vertigo
2366804/1win-vs-mibr-cct-2023-online-finals-3,163421,Mirage
2366128/complexity-vs-g2-esl-pro-league-season-18,163404,Anubis
2366128/complexity-vs-g2-esl-pro-league-season-18,163410,Inferno
2366128/complexity-vs-g2-esl-pro-league-season-18,163416,Ancient
2366803/monte-vs-preasy-cct-2023-online-finals-3,163402,Mirage
2366803/monte-vs-preasy-cct-2023-online-finals-3,163405,Overpass
2366803/monte-vs-preasy-cct-2023-online-finals-3,163412,Ancient
2366953/zero-tenacity-vs-betera-hardplay-cup-7,163401,Overpass
2366953/zero-tenacity-vs-betera-hardplay-cup-7,163407,Nuke
2366802/legacy-vs-alternate-attax-cct-2023-online-finals-3,163388,Inferno
2366802/legacy-vs-alternate-attax-cct-2023-online-finals-3,163395,Overpass
2366802/legacy-vs-alternate-attax-cct-2023-online-finals-3,163400,Anubis
2366127/lynn-vision-vs-liquid-esl-pro-league-season-18,163393,Anubis
2366127/lynn-vision-vs-liquid-esl-pro-league-season-18,163399,Ancient
2366952/websterz-vs-thunderflash-hardplay-cup-7,163390,Anubis
2366952/websterz-vs-thunderflash-hardplay-cup-7,163398,Mirage
2366879/bravado-vs-goliath-telkom-vs-gaming-masters-2023,163391,Anubis
2366879/bravado-vs-goliath-telkom-vs-gaming-masters-2023,163397,Vertigo
2366942/9-pandas-vs-anonymo-cct-north-europe-series-8,163389,Overpass
2366942/9-pandas-vs-anonymo-cct-north-europe-series-8,163396,Ancient
2366958/vertex-vs-vantage-cct-oceania-series-2,163384,Overpass
2366958/vertex-vs-vantage-cct-oceania-series-2,163386,Vertigo
2366878/pain-vs-solid-cct-south-america-series-11,163372,Mirage
2366878/pain-vs-solid-cct-south-america-series-11,163376,Overpass
2366951/betera-vs-cybershoke-hardplay-cup-7,163380,Overpass
2366951/betera-vs-cybershoke-hardplay-cup-7,163381,Ancient
2366951/betera-vs-cybershoke-hardplay-cup-7,163379,Anubis
2366845/the-prodigies-se-vs-eyeballers-evnia-open-2023,163369,Overpass
2366845/the-prodigies-se-vs-eyeballers-evnia-open-2023,163375,Ancient
2366126/eternal-fire-vs-cloud9-esl-pro-league-season-18,163368,Vertigo
2366126/eternal-fire-vs-cloud9-esl-pro-league-season-18,163374,Overpass
2366801/mibr-vs-legacy-cct-2023-online-finals-3,163366,Inferno
2366801/mibr-vs-legacy-cct-2023-online-finals-3,163373,Mirage
2366941/ecstatic-vs-genone-cct-north-europe-series-8,163355,Ancient
2366941/ecstatic-vs-genone-cct-north-europe-series-8,163365,Anubis
2366941/ecstatic-vs-genone-cct-north-europe-series-8,163367,Nuke
2366844/eyeballers-vs-416olsk-evnia-open-2023,163353,Ancient
2366844/eyeballers-vs-416olsk-evnia-open-2023,163358,Overpass
2366844/eyeballers-vs-416olsk-evnia-open-2023,163363,Vertigo
2366877/solid-vs-fluxo-cct-south-america-series-11,163352,Ancient
2366877/solid-vs-fluxo-cct-south-america-series-11,163362,Anubis
2366125/virtuspro-vs-liquid-esl-pro-league-season-18,163349,Inferno
2366125/virtuspro-vs-liquid-esl-pro-league-season-18,163354,Ancient
2366125/virtuspro-vs-liquid-esl-pro-league-season-18,163361,Vertigo
2366800/monte-vs-1win-cct-2023-online-finals-3,163351,Ancient
2366800/monte-vs-1win-cct-2023-online-finals-3,163360,Overpass
2366950/aurora-young-blud-vs-zero-tenacity-hardplay-cup-7,163350,Anubis
2366950/aurora-young-blud-vs-zero-tenacity-hardplay-cup-7,163357,Vertigo
2366940/b8-vs-falcons-cct-north-europe-series-8,163337,Anubis
2366940/b8-vs-falcons-cct-north-europe-series-8,163344,Ancient
2366940/b8-vs-falcons-cct-north-europe-series-8,163348,Mirage
2366799/sinners-vs-preasy-cct-2023-online-finals-3,163342,Inferno
2366799/sinners-vs-preasy-cct-2023-online-finals-3,163347,Overpass
2366876/o-plano-vs-pain-cct-south-america-series-11,163339,Overpass
2366876/o-plano-vs-pain-cct-south-america-series-11,163346,Nuke
2366124/lynn-vision-vs-9ine-esl-pro-league-season-18,163328,Anubis
2366124/lynn-vision-vs-9ine-esl-pro-league-season-18,163333,Vertigo
2366124/lynn-vision-vs-9ine-esl-pro-league-season-18,163338,Overpass
2366798/alternate-attax-vs-looking4org-cct-2023-online-finals-3,163322,Inferno
2366798/alternate-attax-vs-looking4org-cct-2023-online-finals-3,163329,Overpass
2366798/alternate-attax-vs-looking4org-cct-2023-online-finals-3,163334,Ancient
2366939/los-kogutos-vs-zero-tenacity-cct-north-europe-series-8,163324,Anubis
2366939/los-kogutos-vs-zero-tenacity-cct-north-europe-series-8,163331,Mirage
2366922/mindfreak-vs-vantage-cct-oceania-series-2,163320,Overpass
2366922/mindfreak-vs-vantage-cct-oceania-series-2,163321,Nuke
2366922/mindfreak-vs-vantage-cct-oceania-series-2,163325,Vertigo
2366875/furia-academy-vs-fluxo-cct-south-america-series-11,163314,Mirage
2366875/furia-academy-vs-fluxo-cct-south-america-series-11,163315,Ancient
2366725/meta-vs-pain-cbcs-2023-season-2,163308,Nuke
2366725/meta-vs-pain-cbcs-2023-season-2,163313,Anubis
2366797/preasy-vs-sharks-cct-2023-online-finals-3,163304,Ancient
2366797/preasy-vs-sharks-cct-2023-online-finals-3,163310,Mirage
2366123/cloud9-vs-liquid-esl-pro-league-season-18,163299,Ancient
2366123/cloud9-vs-liquid-esl-pro-league-season-18,163305,Inferno
2366123/cloud9-vs-liquid-esl-pro-league-season-18,163309,Mirage
2366905/9-pandas-vs-sprout-cct-north-europe-series-8,163302,Anubis
2366905/9-pandas-vs-sprout-cct-north-europe-series-8,163307,Mirage
2366874/o-plano-vs-w7m-cct-south-america-series-11,163303,Ancient
2366874/o-plano-vs-w7m-cct-south-america-series-11,163306,Nuke
2366724/the-union-vs-case-cbcs-2023-season-2,163295,Mirage
2366724/the-union-vs-case-cbcs-2023-season-2,163301,Vertigo
2366796/sinners-vs-sprout-cct-2023-online-finals-3,163288,Vertigo
2366796/sinners-vs-sprout-cct-2023-online-finals-3,163293,Ancient
2366796/sinners-vs-sprout-cct-2023-online-finals-3,163300,Overpass
2366873/meta-vs-solid-cct-south-america-series-11,163290,Mirage
2366873/meta-vs-solid-cct-south-america-series-11,163294,Vertigo
2366904/alternate-attax-vs-preasy-cct-north-europe-series-8,163282,Overpass
2366904/alternate-attax-vs-preasy-cct-north-europe-series-8,163291,Ancient
2366904/alternate-attax-vs-preasy-cct-north-europe-series-8,163297,Inferno
2366122/eternal-fire-vs-virtuspro-esl-pro-league-season-18,163283,Vertigo
2366122/eternal-fire-vs-virtuspro-esl-pro-league-season-18,163289,Inferno
2366872/case-vs-pain-cct-south-america-series-11,163277,Mirage
2366872/case-vs-pain-cct-south-america-series-11,163280,Nuke
2366872/case-vs-pain-cct-south-america-series-11,163284,Inferno
2366795/looking4org-vs-og-cct-2023-online-finals-3,163279,Inferno
2366795/looking4org-vs-og-cct-2023-online-finals-3,163281,Ancient
2366903/endpoint-vs-genone-cct-north-europe-series-8,163276,Anubis
2366903/endpoint-vs-genone-cct-north-europe-series-8,163278,Ancient
2366794/aurora-vs-alternate-attax-cct-2023-online-finals-3,163274,Overpass
2366794/aurora-vs-alternate-attax-cct-2023-online-finals-3,163275,Ancient
2366902/pompa-vs-b8-cct-north-europe-series-8,163271,Inferno
2366902/pompa-vs-b8-cct-north-europe-series-8,163273,Vertigo
2366777/totsugeki-vs-eg-gold-esl-impact-league-season-4-north-america,163265,Inferno
2366777/totsugeki-vs-eg-gold-esl-impact-league-season-4-north-america,163269,Overpass
2366777/totsugeki-vs-eg-gold-esl-impact-league-season-4-north-america,163270,Nuke
2366776/cherry-bombs-vs-karma-esl-impact-league-season-4-north-america,163266,Inferno
2366776/cherry-bombs-vs-karma-esl-impact-league-season-4-north-america,163268,Overpass
2366871/pain-vs-corinthians-cct-south-america-series-11,163261,Nuke
2366871/pain-vs-corinthians-cct-south-america-series-11,163264,Anubis
2366871/pain-vs-corinthians-cct-south-america-series-11,163267,Mirage
2366793/fake-natty-vs-sprout-cct-2023-online-finals-3,163247,Overpass
2366793/fake-natty-vs-sprout-cct-2023-online-finals-3,163258,Inferno
2366793/fake-natty-vs-sprout-cct-2023-online-finals-3,163263,Ancient
2366773/kidisgraa-vs-cafeina-esl-impact-league-season-4-south-america,163256,Overpass
2366773/kidisgraa-vs-cafeina-esl-impact-league-season-4-south-america,163262,Mirage
2366772/divina-vs-fluxo-demons-esl-impact-league-season-4-south-america,163255,Vertigo
2366772/divina-vs-fluxo-demons-esl-impact-league-season-4-south-america,163260,Nuke
2366870/meta-vs-mibr-academy-cct-south-america-series-11,163243,Nuke
2366870/meta-vs-mibr-academy-cct-south-america-series-11,163251,Anubis
2366870/meta-vs-mibr-academy-cct-south-america-series-11,163257,Mirage
2366118/virtuspro-vs-g2-esl-pro-league-season-18,163237,Mirage
2366118/virtuspro-vs-g2-esl-pro-league-season-18,163246,Inferno
2366118/virtuspro-vs-g2-esl-pro-league-season-18,163254,Ancient
2366120/eternal-fire-vs-9ine-esl-pro-league-season-18,163239,Anubis
2366120/eternal-fire-vs-9ine-esl-pro-league-season-18,163250,Vertigo
2366767/navi-javelins-vs-g2-oya-esl-impact-league-season-4-europe,163238,Inferno
2366767/navi-javelins-vs-g2-oya-esl-impact-league-season-4-europe,163248,Anubis
2366769/9-pandas-fearless-vs-guild-esl-impact-league-season-4-europe,163235,Anubis
2366769/9-pandas-fearless-vs-guild-esl-impact-league-season-4-europe,163244,Mirage
2366768/let-her-cook-vs-shinigami-esl-impact-league-season-4-europe,163236,Nuke
2366768/let-her-cook-vs-shinigami-esl-impact-league-season-4-europe,163242,Overpass
2366901/falcons-vs-aurora-young-blud-cct-north-europe-series-8,163234,Vertigo
2366901/falcons-vs-aurora-young-blud-cct-north-europe-series-8,163241,Mirage
2366792/mibr-vs-preasy-cct-2023-online-finals-3,163227,Mirage
2366792/mibr-vs-preasy-cct-2023-online-finals-3,163232,Inferno
2366869/bestia-vs-o-plano-cct-south-america-series-11,163225,Ancient
2366869/bestia-vs-o-plano-cct-south-america-series-11,163229,Mirage
2366900/anonymo-vs-zero-tenacity-cct-north-europe-series-8,163221,Vertigo
2366900/anonymo-vs-zero-tenacity-cct-north-europe-series-8,163224,Nuke
2366900/anonymo-vs-zero-tenacity-cct-north-europe-series-8,163228,Inferno
2366119/cloud9-vs-complexity-esl-pro-league-season-18,163222,Anubis
2366119/cloud9-vs-complexity-esl-pro-league-season-18,163226,Ancient
2366791/1win-vs-aurora-cct-2023-online-finals-3,163217,Nuke
2366791/1win-vs-aurora-cct-2023-online-finals-3,163220,Mirage
2366791/1win-vs-aurora-cct-2023-online-finals-3,163223,Inferno
2366734/mindfreak-vs-sunday-school-esl-australia-nz-championship-season-17,163211,Mirage
2366734/mindfreak-vs-sunday-school-esl-australia-nz-championship-season-17,163215,Nuke
2366734/mindfreak-vs-sunday-school-esl-australia-nz-championship-season-17,163219,Inferno
2366868/solid-vs-bebold-cct-south-america-series-11,163216,Ancient
2366868/solid-vs-bebold-cct-south-america-series-11,163218,Vertigo
2366899/ecstatic-vs-pge-turow-cct-north-europe-series-8,163212,Nuke
2366899/ecstatic-vs-pge-turow-cct-north-europe-series-8,163214,Ancient
2366121/liquid-vs-lynn-vision-esl-pro-league-season-18,163209,Anubis
2366121/liquid-vs-lynn-vision-esl-pro-league-season-18,163213,Ancient
2366790/monte-vs-looking4org-cct-2023-online-finals-3,163203,Anubis
2366790/monte-vs-looking4org-cct-2023-online-finals-3,163210,Nuke
2366733/vertex-vs-rooster-esl-australia-nz-championship-season-17,163207,Overpass
2366733/vertex-vs-rooster-esl-australia-nz-championship-season-17,163208,Vertigo
2366898/los-kogutos-vs-sampi-cct-north-europe-series-8,163200,Mirage
2366898/los-kogutos-vs-sampi-cct-north-europe-series-8,163202,Overpass
2366755/fluffy-aimers-vs-wildcard-esl-challenger-league-season-46-north-america,163192,Vertigo
2366755/fluffy-aimers-vs-wildcard-esl-challenger-league-season-46-north-america,163199,Nuke
2366867/fluxo-vs-uno-mille-cct-south-america-series-11,163187,Vertigo
2366867/fluxo-vs-uno-mille-cct-south-america-series-11,163195,Mirage
2366867/fluxo-vs-uno-mille-cct-south-america-series-11,163198,Ancient
2366774/hyperion-vs-shimmer-esl-impact-league-season-4-north-america,163196,Mirage
2366774/hyperion-vs-shimmer-esl-impact-league-season-4-north-america,163197,Inferno
2366775/tsunami-sirens-vs-flyquest-red-esl-impact-league-season-4-north-america,163191,Mirage
2366775/tsunami-sirens-vs-flyquest-red-esl-impact-league-season-4-north-america,163194,Overpass
2366863/endpoint-vs-sprout-cct-north-europe-series-8,163174,Inferno
2366863/endpoint-vs-sprout-cct-north-europe-series-8,163181,Vertigo
2366863/endpoint-vs-sprout-cct-north-europe-series-8,163189,Anubis
2366771/ravens-vs-mibr-fe-esl-impact-league-season-4-south-america,163178,Inferno
2366771/ravens-vs-mibr-fe-esl-impact-league-season-4-south-america,163184,Vertigo
2366771/ravens-vs-mibr-fe-esl-impact-league-season-4-south-america,163186,Mirage
2366116/complexity-vs-9ine-esl-pro-league-season-18,163169,Anubis
2366116/complexity-vs-9ine-esl-pro-league-season-18,163177,Vertigo
2366116/complexity-vs-9ine-esl-pro-league-season-18,163185,Ancient
2366770/furia-fe-vs-mocreias-esl-impact-league-season-4-south-america,163176,Vertigo
2366770/furia-fe-vs-mocreias-esl-impact-league-season-4-south-america,163182,Inferno
2366789/havu-vs-alternate-attax-cct-2023-online-finals-3,163175,Overpass
2366789/havu-vs-alternate-attax-cct-2023-online-finals-3,163180,Ancient
2366866/filhos-de-d10s-vs-furia-academy-cct-south-america-series-11,163167,Mirage
2366866/filhos-de-d10s-vs-furia-academy-cct-south-america-series-11,163173,Inferno
2366866/filhos-de-d10s-vs-furia-academy-cct-south-america-series-11,163179,Ancient
2366847/intense-vs-bebold-redzone-pro-league-2023-season-6,163155,Ancient
2366847/intense-vs-bebold-redzone-pro-league-2023-season-6,163165,Inferno
2366847/intense-vs-bebold-redzone-pro-league-2023-season-6,163172,Overpass
2366117/cloud9-vs-eternal-fire-esl-pro-league-season-18,163161,Vertigo
2366117/cloud9-vs-eternal-fire-esl-pro-league-season-18,163170,Overpass
2366788/og-vs-00nation-cct-2023-online-finals-3,163151,Anubis
2366788/og-vs-00nation-cct-2023-online-finals-3,163160,Inferno
2366788/og-vs-00nation-cct-2023-online-finals-3,163168,Ancient
2366862/pompa-vs-preasy-cct-north-europe-series-8,163144,Inferno
2366862/pompa-vs-preasy-cct-north-europe-series-8,163152,Ancient
2366862/pompa-vs-preasy-cct-north-europe-series-8,163166,Vertigo
2366764/nigma-galaxy-vs-vpangels-esl-impact-league-season-4-europe,163158,Nuke
2366764/nigma-galaxy-vs-vpangels-esl-impact-league-season-4-europe,163164,Overpass
2366765/ence-athena-vs-big-equipa-esl-impact-league-season-4-europe,163157,Overpass
2366765/ence-athena-vs-big-equipa-esl-impact-league-season-4-europe,163163,Vertigo
2366114/liquid-vs-virtuspro-esl-pro-league-season-18,163139,Inferno
2366114/liquid-vs-virtuspro-esl-pro-league-season-18,163147,Mirage
2366114/liquid-vs-virtuspro-esl-pro-league-season-18,163156,Anubis
2366115/g2-vs-lynn-vision-esl-pro-league-season-18,163140,Anubis
2366115/g2-vs-lynn-vision-esl-pro-league-season-18,163146,Inferno
2366787/selva-vs-sinners-cct-2023-online-finals-3,163131,Mirage
2366787/selva-vs-sinners-cct-2023-online-finals-3,163135,Ancient
2366787/selva-vs-sinners-cct-2023-online-finals-3,163142,Vertigo
2366864/case-vs-windingo-cct-south-america-series-11,163133,Ancient
2366864/case-vs-windingo-cct-south-america-series-11,163134,Mirage
2366864/case-vs-windingo-cct-south-america-series-11,163138,Inferno
2366861/9-pandas-vs-genone-cct-north-europe-series-8,163126,Anubis
2366861/9-pandas-vs-genone-cct-north-europe-series-8,163130,Inferno
2366861/9-pandas-vs-genone-cct-north-europe-series-8,163137,Mirage
2366730/vantage-vs-sunday-school-esl-australia-nz-championship-season-17,163125,Overpass
2366730/vantage-vs-sunday-school-esl-australia-nz-championship-season-17,163129,Mirage
2366730/vantage-vs-sunday-school-esl-australia-nz-championship-season-17,163132,Inferno
2366786/sharks-vs-into-the-breach-cct-2023-online-finals-3,163123,Anubis
2366786/sharks-vs-into-the-breach-cct-2023-online-finals-3,163127,Mirage
2366860/alternate-attax-vs-zero-tenacity-cct-north-europe-series-8,163119,Overpass
2366860/alternate-attax-vs-zero-tenacity-cct-north-europe-series-8,163122,Mirage
2366729/looking-for-org-vs-mindfreak-esl-australia-nz-championship-season-17,163120,Nuke
2366729/looking-for-org-vs-mindfreak-esl-australia-nz-championship-season-17,163121,Inferno
2366848/filhos-de-d10s-vs-case-redzone-pro-league-2023-season-6,163114,Mirage
2366848/filhos-de-d10s-vs-case-redzone-pro-league-2023-season-6,163116,Ancient
2366848/filhos-de-d10s-vs-case-redzone-pro-league-2023-season-6,163118,Nuke
2366825/windingo-vs-corinthians-cct-south-america-series-11,163115,Anubis
2366825/windingo-vs-corinthians-cct-south-america-series-11,163117,Overpass
2366785/mibr-vs-havu-cct-2023-online-finals-3,163111,Ancient
2366785/mibr-vs-havu-cct-2023-online-finals-3,163113,Mirage
2366816/500-vs-los-kogutos-cct-east-europe-series-2,163103,Mirage
2366816/500-vs-los-kogutos-cct-east-europe-series-2,163107,Overpass
2366816/500-vs-los-kogutos-cct-east-europe-series-2,163112,Ancient
2366859/sampi-vs-b8-cct-north-europe-series-8,163105,Ancient
2366859/sampi-vs-b8-cct-north-europe-series-8,163109,Inferno
2366824/o-plano-vs-solid-cct-south-america-series-11,163106,Nuke
2366824/o-plano-vs-solid-cct-south-america-series-11,163108,Overpass
2366784/og-vs-fake-natty-cct-2023-online-finals-3,163101,Ancient
2366784/og-vs-fake-natty-cct-2023-online-finals-3,163104,Anubis
2366823/intense-vs-bebold-cct-south-america-series-11,163099,Inferno
2366823/intense-vs-bebold-cct-south-america-series-11,163102,Ancient
2366858/los-kogutos-vs-aurora-young-blud-cct-north-europe-series-8,163094,Vertigo
2366858/los-kogutos-vs-aurora-young-blud-cct-north-europe-series-8,163100,Anubis
2366732/rooster-vs-dxa-esl-australia-nz-championship-season-17,163088,Vertigo
2366732/rooster-vs-dxa-esl-australia-nz-championship-season-17,163093,Nuke
2366732/rooster-vs-dxa-esl-australia-nz-championship-season-17,163097,Inferno
2366815/pompa-vs-arcred-cct-east-europe-series-2,163095,Ancient
2366815/pompa-vs-arcred-cct-east-europe-series-2,163098,Nuke
2366783/00nation-vs-sprout-cct-2023-online-finals-3,163091,Mirage
2366783/00nation-vs-sprout-cct-2023-online-finals-3,163096,Anubis
2366814/9-pandas-vs-forze-cct-east-europe-series-2,163082,Mirage
2366814/9-pandas-vs-forze-cct-east-europe-series-2,163087,Overpass
2366814/9-pandas-vs-forze-cct-east-europe-series-2,163090,Ancient
2366857/falcons-vs-pge-turow-cct-north-europe-series-8,163085,Mirage
2366857/falcons-vs-pge-turow-cct-north-europe-series-8,163089,Vertigo
2366731/vertex-vs-grayhound-esl-australia-nz-championship-season-17,163078,Mirage
2366731/vertex-vs-grayhound-esl-australia-nz-championship-season-17,163080,Inferno
2366731/vertex-vs-grayhound-esl-australia-nz-championship-season-17,163084,Nuke
2366782/aurora-vs-into-the-breach-cct-2023-online-finals-3,163081,Inferno
2366782/aurora-vs-into-the-breach-cct-2023-online-finals-3,163083,Ancient
2366856/ecstatic-vs-anonymo-cct-north-europe-series-8,163077,Overpass
2366856/ecstatic-vs-anonymo-cct-north-europe-series-8,163079,Ancient
2366822/corinthians-vs-mibr-academy-cct-south-america-series-11,163072,Overpass
2366822/corinthians-vs-mibr-academy-cct-south-america-series-11,163073,Anubis
2366822/corinthians-vs-mibr-academy-cct-south-america-series-11,163076,Mirage
2366781/1win-vs-sharks-cct-2023-online-finals-3,163074,Ancient
2366781/1win-vs-sharks-cct-2023-online-finals-3,163075,Vertigo
2366780/alternate-attax-vs-preasy-cct-2023-online-finals-3,163063,Overpass
2366780/alternate-attax-vs-preasy-cct-2023-online-finals-3,163068,Ancient
2366780/alternate-attax-vs-preasy-cct-2023-online-finals-3,163071,Inferno
2366813/betboom-vs-arcred-cct-east-europe-series-2,163060,Anubis
2366813/betboom-vs-arcred-cct-east-europe-series-2,163064,Nuke
2366813/betboom-vs-arcred-cct-east-europe-series-2,163070,Mirage
2366763/endpoint-vs-b8-cct-north-europe-series-8,163065,Inferno
2366763/endpoint-vs-b8-cct-north-europe-series-8,163069,Anubis
2366821/bebold-vs-furia-academy-cct-south-america-series-11,163059,Ancient
2366821/bebold-vs-furia-academy-cct-south-america-series-11,163066,Mirage
2366489/saw-vs-spirit-thunderpick-world-championship-2023-europe-series-2,163050,Overpass
2366489/saw-vs-spirit-thunderpick-world-championship-2023-europe-series-2,163054,Vertigo
2366489/saw-vs-spirit-thunderpick-world-championship-2023-europe-series-2,163061,Ancient
2366762/ecstatic-vs-zero-tenacity-cct-north-europe-series-8,163049,Overpass
2366762/ecstatic-vs-zero-tenacity-cct-north-europe-series-8,163053,Anubis
2366762/ecstatic-vs-zero-tenacity-cct-north-europe-series-8,163058,Nuke
2366779/monte-vs-selva-cct-2023-online-finals-3,163047,Overpass
2366779/monte-vs-selva-cct-2023-online-finals-3,163056,Anubis
2366779/monte-vs-selva-cct-2023-online-finals-3,163057,Mirage
2366812/pompa-vs-sprout-cct-east-europe-series-2,163051,Overpass
2366812/pompa-vs-sprout-cct-east-europe-series-2,163055,Vertigo
2366820/solid-vs-the-union-cct-south-america-series-11,163048,Nuke
2366820/solid-vs-the-union-cct-south-america-series-11,163052,Anubis
2366811/9-pandas-vs-falcons-cct-east-europe-series-2,163035,Anubis
2366811/9-pandas-vs-falcons-cct-east-europe-series-2,163044,Mirage
2366811/9-pandas-vs-falcons-cct-east-europe-series-2,163046,Ancient
2366778/sinners-vs-looking4org-cct-2023-online-finals-3,163031,Anubis
2366778/sinners-vs-looking4org-cct-2023-online-finals-3,163040,Inferno
2366778/sinners-vs-looking4org-cct-2023-online-finals-3,163045,Overpass
2366608/sprout-vs-entropiq-european-pro-league-season-10,163027,Overpass
2366608/sprout-vs-entropiq-european-pro-league-season-10,163029,Inferno
2366608/sprout-vs-entropiq-european-pro-league-season-10,163033,Ancient
2366608/sprout-vs-entropiq-european-pro-league-season-10,163038,Anubis
2366608/sprout-vs-entropiq-european-pro-league-season-10,163043,Mirage
2366761/los-kogutos-vs-genone-cct-north-europe-series-8,163037,Anubis
2366761/los-kogutos-vs-genone-cct-north-europe-series-8,163042,Nuke
2366760/preasy-vs-sampi-cct-north-europe-series-8,163028,Ancient
2366760/preasy-vs-sampi-cct-north-europe-series-8,163030,Inferno
2366852/nouns-vs-evil-geniuses-esea-summer-2023-cash-cup-1-north-america,163021,Inferno
2366852/nouns-vs-evil-geniuses-esea-summer-2023-cash-cup-1-north-america,163024,Mirage
2366852/nouns-vs-evil-geniuses-esea-summer-2023-cash-cup-1-north-america,163026,Nuke
2366853/party-astronauts-vs-wildcard-esea-summer-2023-cash-cup-1-north-america,163022,Ancient
2366853/party-astronauts-vs-wildcard-esea-summer-2023-cash-cup-1-north-america,163023,Overpass
2366853/party-astronauts-vs-wildcard-esea-summer-2023-cash-cup-1-north-america,163025,Nuke
2366851/wildcard-vs-evil-geniuses-esea-summer-2023-cash-cup-1-north-america,163008,Ancient
2366851/wildcard-vs-evil-geniuses-esea-summer-2023-cash-cup-1-north-america,163015,Overpass
2366851/wildcard-vs-evil-geniuses-esea-summer-2023-cash-cup-1-north-america,163020,Inferno
2366723/oddik-vs-pain-cbcs-2023-season-2,163013,Anubis
2366723/oddik-vs-pain-cbcs-2023-season-2,163017,Vertigo
2366850/nouns-vs-party-astronauts-esea-summer-2023-cash-cup-1-north-america,163009,Nuke
2366850/nouns-vs-party-astronauts-esea-summer-2023-cash-cup-1-north-america,163014,Mirage
2366819/windingo-vs-lrv-cct-south-america-series-11,163002,Ancient
2366819/windingo-vs-lrv-cct-south-america-series-11,163006,Inferno
2366819/windingo-vs-lrv-cct-south-america-series-11,163012,Nuke
2366721/uno-mille-vs-case-cbcs-2023-season-2,163004,Nuke
2366721/uno-mille-vs-case-cbcs-2023-season-2,163011,Anubis
2366652/cloud9-vs-spirit-res-eastern-european-masters-fall-2023-blast-premier-qualifier,163003,Anubis
2366652/cloud9-vs-spirit-res-eastern-european-masters-fall-2023-blast-premier-qualifier,163010,Mirage
2366722/fluxo-vs-the-union-cbcs-2023-season-2,162993,Vertigo
2366722/fluxo-vs-the-union-cbcs-2023-season-2,163000,Nuke
2366722/fluxo-vs-the-union-cbcs-2023-season-2,163005,Mirage
2366720/meta-vs-bestia-cbcs-2023-season-2,162998,Nuke
2366720/meta-vs-bestia-cbcs-2023-season-2,162999,Inferno
2366759/sprout-vs-falcons-cct-north-europe-series-8,162979,Anubis
2366759/sprout-vs-falcons-cct-north-europe-series-8,162986,Overpass
2366759/sprout-vs-falcons-cct-north-europe-series-8,162996,Ancient
2366113/5yclone-vs-9z-esl-pro-league-season-18,162980,Overpass
2366113/5yclone-vs-9z-esl-pro-league-season-18,162989,Inferno
2366113/5yclone-vs-9z-esl-pro-league-season-18,162995,Nuke
2366818/oddik-vs-o-plano-cct-south-america-series-11,162987,Nuke
2366818/oddik-vs-o-plano-cct-south-america-series-11,162994,Vertigo
2366651/spirit-vs-bad-news-eagles-res-eastern-european-masters-fall-2023-blast-premier-qualifier,162970,Mirage
2366651/spirit-vs-bad-news-eagles-res-eastern-european-masters-fall-2023-blast-premier-qualifier,162982,Ancient
2366651/spirit-vs-bad-news-eagles-res-eastern-european-masters-fall-2023-blast-premier-qualifier,162991,Vertigo
2366810/forze-vs-sampi-cct-east-europe-series-2,162976,Mirage
2366810/forze-vs-sampi-cct-east-europe-series-2,162981,Ancient
2366810/forze-vs-sampi-cct-east-europe-series-2,162990,Inferno
2366665/victory-zigzag-vs-416olsk-pelaajat-nordic-masters-fall-2023-blast-premier-qualifier,162978,Ancient
2366665/victory-zigzag-vs-416olsk-pelaajat-nordic-masters-fall-2023-blast-premier-qualifier,162985,Mirage
2366827/nip-impact-vs-shinigami-esl-impact-summer-2023-cash-cup-6-europe,162962,Mirage
2366827/nip-impact-vs-shinigami-esl-impact-summer-2023-cash-cup-6-europe,162967,Vertigo
2366827/nip-impact-vs-shinigami-esl-impact-summer-2023-cash-cup-6-europe,162973,Overpass
2366487/into-the-breach-vs-saw-thunderpick-world-championship-2023-europe-series-2,162965,Inferno
2366487/into-the-breach-vs-saw-thunderpick-world-championship-2023-europe-series-2,162972,Vertigo
2366112/natus-vincere-vs-faze-esl-pro-league-season-18,162960,Anubis
2366112/natus-vincere-vs-faze-esl-pro-league-season-18,162971,Nuke
2366758/9-pandas-vs-aurora-young-blud-cct-north-europe-series-8,162963,Mirage
2366758/9-pandas-vs-aurora-young-blud-cct-north-europe-series-8,162969,Overpass
2366664/jano-vs-416olsk-pelaajat-nordic-masters-fall-2023-blast-premier-qualifier,162959,Ancient
2366664/jano-vs-416olsk-pelaajat-nordic-masters-fall-2023-blast-premier-qualifier,162968,Inferno
2366809/500-vs-anonymo-cct-east-europe-series-2,162958,Nuke
2366809/500-vs-anonymo-cct-east-europe-series-2,162966,Inferno
2366650/eternal-fire-vs-cloud9-res-eastern-european-masters-fall-2023-blast-premier-qualifier,162947,Anubis
2366650/eternal-fire-vs-cloud9-res-eastern-european-masters-fall-2023-blast-premier-qualifier,162954,Mirage
2366650/eternal-fire-vs-cloud9-res-eastern-european-masters-fall-2023-blast-premier-qualifier,162961,Inferno
2366663/victory-zigzag-vs-ecstatic-pelaajat-nordic-masters-fall-2023-blast-premier-qualifier,162941,Anubis
2366663/victory-zigzag-vs-ecstatic-pelaajat-nordic-masters-fall-2023-blast-premier-qualifier,162950,Inferno
2366663/victory-zigzag-vs-ecstatic-pelaajat-nordic-masters-fall-2023-blast-premier-qualifier,162957,Overpass
2366488/mibr-vs-spirit-thunderpick-world-championship-2023-europe-series-2,162948,Nuke
2366488/mibr-vs-spirit-thunderpick-world-championship-2023-europe-series-2,162956,Anubis
2366757/alternate-attax-vs-pge-turow-cct-north-europe-series-8,162949,Anubis
2366757/alternate-attax-vs-pge-turow-cct-north-europe-series-8,162955,Ancient
2366808/los-kogutos-vs-tsm-cct-east-europe-series-2,162944,Vertigo
2366808/los-kogutos-vs-tsm-cct-east-europe-series-2,162951,Nuke
2366111/9z-vs-apeks-esl-pro-league-season-18,162945,Overpass
2366111/9z-vs-apeks-esl-pro-league-season-18,162952,Mirage
2366756/pompa-vs-anonymo-cct-north-europe-series-8,162935,Vertigo
2366756/pompa-vs-anonymo-cct-north-europe-series-8,162938,Inferno
2366756/pompa-vs-anonymo-cct-north-europe-series-8,162943,Mirage
2366607/entropiq-vs-singularity-european-pro-league-season-10,162934,Anubis
2366607/entropiq-vs-singularity-european-pro-league-season-10,162937,Ancient
2366607/entropiq-vs-singularity-european-pro-league-season-10,162942,Mirage
2366586/looking-for-org-vs-vertex-cct-oceania-series-1,162932,Inferno
2366586/looking-for-org-vs-vertex-cct-oceania-series-1,162933,Vertigo
2366586/looking-for-org-vs-vertex-cct-oceania-series-1,162936,Mirage
2366586/looking-for-org-vs-vertex-cct-oceania-series-1,162939,Nuke
2366719/w7m-vs-pain-cbcs-2023-season-2,162920,Nuke
2366719/w7m-vs-pain-cbcs-2023-season-2,162922,Anubis
2366719/w7m-vs-pain-cbcs-2023-season-2,162930,Inferno
2366831/limitless-vs-wildcard-esea-summer-2023-cash-cup-1-north-america,162928,Ancient
2366828/party-astronauts-vs-fluffy-aimers-esea-summer-2023-cash-cup-1-north-america,162927,Nuke
2366836/nouns-vs-badass-esea-summer-2023-cash-cup-1-north-america,162926,Mirage
2366830/forsaken-vs-evil-geniuses-esea-summer-2023-cash-cup-1-north-america,162925,Inferno
2366717/corinthians-vs-case-cbcs-2023-season-2,162917,Mirage
2366717/corinthians-vs-case-cbcs-2023-season-2,162921,Overpass
2366717/corinthians-vs-case-cbcs-2023-season-2,162924,Nuke
2366742/the-union-vs-uno-mille-cct-south-america-series-11,162914,Vertigo
2366742/the-union-vs-uno-mille-cct-south-america-series-11,162919,Ancient
2366718/mibr-academy-vs-oddik-cbcs-2023-season-2,162906,Nuke
2366718/mibr-academy-vs-oddik-cbcs-2023-season-2,162915,Overpass
2366110/5yclone-vs-imperial-esl-pro-league-season-18,162899,Nuke
2366110/5yclone-vs-imperial-esl-pro-league-season-18,162903,Anubis
2366110/5yclone-vs-imperial-esl-pro-league-season-18,162912,Overpass
2366741/case-vs-solid-cct-south-america-series-11,162901,Nuke
2366741/case-vs-solid-cct-south-america-series-11,162908,Vertigo
2366716/uno-mille-vs-intense-cbcs-2023-season-2,162900,Inferno
2366716/uno-mille-vs-intense-cbcs-2023-season-2,162904,Ancient
2366754/preasy-vs-pompa-cct-east-europe-series-2,162898,Nuke
2366754/preasy-vs-pompa-cct-east-europe-series-2,162902,Ancient
2366485/mibr-vs-endpoint-thunderpick-world-championship-2023-europe-series-2,162886,Anubis
2366485/mibr-vs-endpoint-thunderpick-world-championship-2023-europe-series-2,162891,Vertigo
2366485/mibr-vs-endpoint-thunderpick-world-championship-2023-europe-series-2,162897,Mirage
2366109/fnatic-vs-apeks-esl-pro-league-season-18,162884,Vertigo
2366109/fnatic-vs-apeks-esl-pro-league-season-18,162890,Inferno
2366109/fnatic-vs-apeks-esl-pro-league-season-18,162896,Ancient
2366740/o-plano-vs-mibr-academy-cct-south-america-series-11,162889,Vertigo
2366740/o-plano-vs-mibr-academy-cct-south-america-series-11,162895,Overpass
2366662/preasy-vs-ecstatic-pelaajat-nordic-masters-fall-2023-blast-premier-qualifier,162894,Overpass
2366753/alternate-attax-vs-sprout-cct-east-europe-series-2,162888,Anubis
2366753/alternate-attax-vs-sprout-cct-east-europe-series-2,162893,Inferno
2366649/cloud9-vs-1win-res-eastern-european-masters-fall-2023-blast-premier-qualifier,162892,Inferno
2366648/1win-vs-zero-tenacity-res-eastern-european-masters-fall-2023-blast-premier-qualifier,162887,Inferno
2366661/ecstatic-vs-havu-pelaajat-nordic-masters-fall-2023-blast-premier-qualifier,162885,Nuke
2366647/cloud9-vs-bad-news-eagles-res-eastern-european-masters-fall-2023-blast-premier-qualifier,162883,Inferno
2366752/9-pandas-vs-tsm-cct-east-europe-series-2,162877,Inferno
2366752/9-pandas-vs-tsm-cct-east-europe-series-2,162882,Ancient
2366739/corinthians-vs-oddik-cct-south-america-series-11,162876,Overpass
2366739/corinthians-vs-oddik-cct-south-america-series-11,162879,Nuke
2366660/jano-vs-preasy-pelaajat-nordic-masters-fall-2023-blast-premier-qualifier,162880,Inferno
2366646/bad-news-eagles-vs-zero-tenacity-res-eastern-european-masters-fall-2023-blast-premier-qualifier,162878,Mirage
2366108/m80-vs-9z-esl-pro-league-season-18,162870,Nuke
2366108/m80-vs-9z-esl-pro-league-season-18,162875,Inferno
2366605/sprout-vs-singularity-european-pro-league-season-10,162867,Ancient
2366605/sprout-vs-singularity-european-pro-league-season-10,162874,Overpass
2366659/preasy-vs-havu-pelaajat-nordic-masters-fall-2023-blast-premier-qualifier,162873,Ancient
2366645/cloud9-vs-1win-res-eastern-european-masters-fall-2023-blast-premier-qualifier,162872,Inferno
2366751/forze-vs-arcred-cct-east-europe-series-2,162864,Ancient
2366751/forze-vs-arcred-cct-east-europe-series-2,162866,Inferno
2366658/ecstatic-vs-jano-pelaajat-nordic-masters-fall-2023-blast-premier-qualifier,162865,Ancient
2366585/vertex-vs-sunday-school-cct-oceania-series-1,162861,Mirage
2366585/vertex-vs-sunday-school-cct-oceania-series-1,162863,Vertigo
2366606/entropiq-vs-espionage-european-pro-league-season-10,162860,Nuke
2366606/entropiq-vs-espionage-european-pro-league-season-10,162862,Anubis
2366584/sunday-school-vs-stirlzs-angels-cct-oceania-series-1,162858,Mirage
2366584/sunday-school-vs-stirlzs-angels-cct-oceania-series-1,162859,Overpass
2366714/filhos-de-d10s-vs-oddik-cbcs-2023-season-2,162853,Inferno
2366714/filhos-de-d10s-vs-oddik-cbcs-2023-season-2,162855,Nuke
2366714/filhos-de-d10s-vs-oddik-cbcs-2023-season-2,162857,Anubis
2366715/o-plano-vs-pain-cbcs-2023-season-2,162851,Vertigo
2366715/o-plano-vs-pain-cbcs-2023-season-2,162854,Nuke
2366715/o-plano-vs-pain-cbcs-2023-season-2,162856,Inferno
2366713/the-union-vs-mibr-academy-cbcs-2023-season-2,162842,Anubis
2366713/the-union-vs-mibr-academy-cbcs-2023-season-2,162846,Vertigo
2366713/the-union-vs-mibr-academy-cbcs-2023-season-2,162848,Nuke
2366712/fluxo-vs-w7m-cbcs-2023-season-2,162841,Mirage
2366712/fluxo-vs-w7m-cbcs-2023-season-2,162845,Ancient
2366737/bebold-vs-windingo-cct-south-america-series-11,162836,Ancient
2366737/bebold-vs-windingo-cct-south-america-series-11,162843,Mirage
2366106/apeks-vs-imperial-esl-pro-league-season-18,162831,Overpass
2366106/apeks-vs-imperial-esl-pro-league-season-18,162840,Ancient
2366750/betboom-vs-anonymo-cct-east-europe-series-2,162832,Nuke
2366750/betboom-vs-anonymo-cct-east-europe-series-2,162839,Overpass
2366736/boca-juniors-vs-intense-cct-south-america-series-11,162825,Ancient
2366736/boca-juniors-vs-intense-cct-south-america-series-11,162830,Inferno
2366749/los-kogutos-vs-falcons-cct-east-europe-series-2,162823,Nuke
2366749/los-kogutos-vs-falcons-cct-east-europe-series-2,162829,Anubis
2366657/mouz-vs-416olsk-pelaajat-nordic-masters-fall-2023-blast-premier-qualifier,162828,Ancient
2366744/thunderflash-vs-aurora-young-blud-cct-north-europe-series-8-closed-qualifier,162822,Anubis
2366744/thunderflash-vs-aurora-young-blud-cct-north-europe-series-8-closed-qualifier,162827,Inferno
2366644/spirit-vs-monte-res-eastern-european-masters-fall-2023-blast-premier-qualifier,162826,Mirage
2366107/5yclone-vs-fnatic-esl-pro-league-season-18,162819,Inferno
2366107/5yclone-vs-fnatic-esl-pro-league-season-18,162824,Vertigo
2366643/monte-vs-redpack-res-eastern-european-masters-fall-2023-blast-premier-qualifier,162821,Ancient
2366642/spirit-vs-eternal-fire-res-eastern-european-masters-fall-2023-blast-premier-qualifier,162818,Anubis
2366655/mouz-vs-victory-zigzag-pelaajat-nordic-masters-fall-2023-blast-premier-qualifier,162815,Overpass
2366583/stirlzs-angels-vs-vantage-cct-oceania-series-1,162803,Anubis
2366583/stirlzs-angels-vs-vantage-cct-oceania-series-1,162809,Inferno
2366583/stirlzs-angels-vs-vantage-cct-oceania-series-1,162817,Ancient
2366748/500-vs-benched-cct-east-europe-series-2,162808,Ancient
2366748/500-vs-benched-cct-east-europe-series-2,162814,Inferno
2366735/lrv-vs-furia-academy-cct-south-america-series-11,162811,Inferno
2366735/lrv-vs-furia-academy-cct-south-america-series-11,162813,Mirage
2366641/eternal-fire-vs-redpack-res-eastern-european-masters-fall-2023-blast-premier-qualifier,162810,Overpass
2366654/416olsk-vs-victory-zigzag-pelaajat-nordic-masters-fall-2023-blast-premier-qualifier,162807,Ancient
2366604/preasy-vs-espionage-european-pro-league-season-10,162802,Mirage
2366604/preasy-vs-espionage-european-pro-league-season-10,162805,Ancient
2366640/monte-vs-spirit-res-eastern-european-masters-fall-2023-blast-premier-qualifier,162804,Mirage
2366581/vertex-vs-looking-for-org-cct-oceania-series-1,162795,Inferno
2366581/vertex-vs-looking-for-org-cct-oceania-series-1,162801,Vertigo
2366747/sampi-vs-shapito-cct-east-europe-series-2,162793,Mirage
2366747/sampi-vs-shapito-cct-east-europe-series-2,162799,Inferno
2366603/entropiq-vs-500-european-pro-league-season-10,162792,Inferno
2366603/entropiq-vs-500-european-pro-league-season-10,162796,Mirage
2366708/bestia-vs-corinthians-cbcs-2023-season-2,162782,Anubis
2366708/bestia-vs-corinthians-cbcs-2023-season-2,162788,Inferno
2366708/bestia-vs-corinthians-cbcs-2023-season-2,162790,Overpass
2366710/intense-vs-lrv-cbcs-2023-season-2,162776,Inferno
2366710/intense-vs-lrv-cbcs-2023-season-2,162779,Overpass
2366710/intense-vs-lrv-cbcs-2023-season-2,162784,Nuke
2366709/uno-mille-vs-meta-cbcs-2023-season-2,162769,Ancient
2366709/uno-mille-vs-meta-cbcs-2023-season-2,162774,Mirage
2366709/uno-mille-vs-meta-cbcs-2023-season-2,162778,Nuke
2366691/mibr-academy-vs-solid-cct-south-america-series-11,162773,Anubis
2366691/mibr-academy-vs-solid-cct-south-america-series-11,162777,Vertigo
2366707/oddik-vs-w7m-cbcs-2023-season-2,162751,Overpass
2366707/oddik-vs-w7m-cbcs-2023-season-2,162762,Nuke
2366707/oddik-vs-w7m-cbcs-2023-season-2,162768,Anubis
2366699/alternate-attax-vs-anonymo-cct-east-europe-series-2,162743,Vertigo
2366699/alternate-attax-vs-anonymo-cct-east-europe-series-2,162761,Overpass
2366699/alternate-attax-vs-anonymo-cct-east-europe-series-2,162766,Mirage
2366104/faze-vs-fnatic-esl-pro-league-season-18,162738,Ancient
2366104/faze-vs-fnatic-esl-pro-league-season-18,162756,Inferno
2366104/faze-vs-fnatic-esl-pro-league-season-18,162764,Nuke
2366690/corinthians-vs-the-union-cct-south-america-series-11,162749,Anubis
2366690/corinthians-vs-the-union-cct-south-america-series-11,162763,Vertigo
2366630/sprout-vs-ence-academy-cct-north-europe-series-8-closed-qualifier,162740,Vertigo
2366630/sprout-vs-ence-academy-cct-north-europe-series-8-closed-qualifier,162758,Mirage
2366105/9z-vs-imperial-esl-pro-league-season-18,162739,Nuke
2366105/9z-vs-imperial-esl-pro-league-season-18,162757,Anubis
2366706/pain-vs-mibr-academy-cbcs-2023-season-2,162742,Anubis
2366706/pain-vs-mibr-academy-cbcs-2023-season-2,162755,Mirage
2366670/g2-oya-vs-let-her-cook-esl-impact-league-season-4-europe,162741,Ancient
2366670/g2-oya-vs-let-her-cook-esl-impact-league-season-4-europe,162753,Inferno
2366484/arcred-vs-into-the-breach-thunderpick-world-championship-2023-europe-series-2,162736,Overpass
2366484/arcred-vs-into-the-breach-thunderpick-world-championship-2023-europe-series-2,162744,Inferno
2366629/masonic-vs-aurora-young-blud-cct-north-europe-series-8-closed-qualifier,162733,Overpass
2366629/masonic-vs-aurora-young-blud-cct-north-europe-series-8-closed-qualifier,162735,Ancient
2366689/case-vs-o-plano-cct-south-america-series-11,162731,Mirage
2366689/case-vs-o-plano-cct-south-america-series-11,162734,Overpass
2366698/preasy-vs-tsm-cct-east-europe-series-2,162729,Nuke
2366698/preasy-vs-tsm-cct-east-europe-series-2,162732,Inferno
2366103/apeks-vs-natus-vincere-esl-pro-league-season-18,162726,Anubis
2366103/apeks-vs-natus-vincere-esl-pro-league-season-18,162730,Inferno
2366483/og-vs-saw-thunderpick-world-championship-2023-europe-series-2,162725,Nuke
2366483/og-vs-saw-thunderpick-world-championship-2023-europe-series-2,162728,Ancient
2366688/oddik-vs-uno-mille-cct-south-america-series-11,162719,Ancient
2366688/oddik-vs-uno-mille-cct-south-america-series-11,162724,Vertigo
2366697/betboom-vs-sprout-cct-east-europe-series-2,162718,Overpass
2366697/betboom-vs-sprout-cct-east-europe-series-2,162723,Vertigo
2366602/500-vs-singularity-european-pro-league-season-10,162710,Overpass
2366602/500-vs-singularity-european-pro-league-season-10,162714,Nuke
2366602/500-vs-singularity-european-pro-league-season-10,162721,Ancient
2366683/grayhound-vs-dxa-esl-australia-nz-championship-season-17,162715,Inferno
2366683/grayhound-vs-dxa-esl-australia-nz-championship-season-17,162720,Nuke
2366102/m80-vs-5yclone-esl-pro-league-season-18,162712,Nuke
2366102/m80-vs-5yclone-esl-pro-league-season-18,162716,Anubis
2366627/havu-vs-aurora-young-blud-cct-north-europe-series-8-closed-qualifier,162703,Ancient
2366627/havu-vs-aurora-young-blud-cct-north-europe-series-8-closed-qualifier,162707,Vertigo
2366627/havu-vs-aurora-young-blud-cct-north-europe-series-8-closed-qualifier,162713,Mirage
2366682/rooster-vs-vertex-esl-australia-nz-championship-season-17,162702,Vertigo
2366682/rooster-vs-vertex-esl-australia-nz-championship-season-17,162706,Overpass
2366682/rooster-vs-vertex-esl-australia-nz-championship-season-17,162711,Nuke
2366696/los-kogutos-vs-pompa-cct-east-europe-series-2,162705,Overpass
2366696/los-kogutos-vs-pompa-cct-east-europe-series-2,162709,Nuke
2366601/espionage-vs-sprout-european-pro-league-season-10,162701,Inferno
2366601/espionage-vs-sprout-european-pro-league-season-10,162704,Mirage
2366705/o-plano-vs-the-union-cbcs-2023-season-2,162693,Vertigo
2366705/o-plano-vs-the-union-cbcs-2023-season-2,162694,Mirage
2366705/o-plano-vs-the-union-cbcs-2023-season-2,162699,Inferno
2366610/wildcard-vs-kari-esl-challenger-league-season-46-north-america,162690,Anubis
2366610/wildcard-vs-kari-esl-challenger-league-season-46-north-america,162697,Overpass
2366687/windingo-vs-intense-cct-south-america-series-11,162685,Mirage
2366687/windingo-vs-intense-cct-south-america-series-11,162689,Inferno
2366687/windingo-vs-intense-cct-south-america-series-11,162696,Ancient
2366701/lrv-vs-corinthians-cbcs-2023-season-2,162670,Overpass
2366701/lrv-vs-corinthians-cbcs-2023-season-2,162681,Inferno
2366701/lrv-vs-corinthians-cbcs-2023-season-2,162686,Nuke
2366704/fluxo-vs-filhos-de-d10s-cbcs-2023-season-2,162666,Anubis
2366704/fluxo-vs-filhos-de-d10s-cbcs-2023-season-2,162679,Ancient
2366704/fluxo-vs-filhos-de-d10s-cbcs-2023-season-2,162684,Nuke
2366101/imperial-vs-fnatic-esl-pro-league-season-18,162645,Overpass
2366101/imperial-vs-fnatic-esl-pro-league-season-18,162657,Anubis
2366101/imperial-vs-fnatic-esl-pro-league-season-18,162668,Nuke
2366695/9-pandas-vs-shapito-cct-east-europe-series-2,162661,Anubis
2366695/9-pandas-vs-shapito-cct-east-europe-series-2,162669,Ancient
2366482/9ine-vs-endpoint-thunderpick-world-championship-2023-europe-series-2,162655,Ancient
2366482/9ine-vs-endpoint-thunderpick-world-championship-2023-europe-series-2,162664,Overpass
2366100/faze-vs-9z-esl-pro-league-season-18,162647,Nuke
2366100/faze-vs-9z-esl-pro-league-season-18,162656,Inferno
2366702/case-vs-uno-mille-cbcs-2023-season-2,162643,Ancient
2366702/case-vs-uno-mille-cbcs-2023-season-2,162653,Vertigo
2366700/bestia-vs-intense-cbcs-2023-season-2,162641,Inferno
2366700/bestia-vs-intense-cbcs-2023-season-2,162654,Overpass
2366694/sampi-vs-falcons-cct-east-europe-series-2,162630,Overpass
2366694/sampi-vs-falcons-cct-east-europe-series-2,162639,Mirage
2366694/sampi-vs-falcons-cct-east-europe-series-2,162650,Ancient
2366481/monte-vs-arcred-thunderpick-world-championship-2023-europe-series-2,162633,Mirage
2366481/monte-vs-arcred-thunderpick-world-championship-2023-europe-series-2,162636,Anubis
2366481/monte-vs-arcred-thunderpick-world-championship-2023-europe-series-2,162644,Ancient
2366098/natus-vincere-vs-5yclone-esl-pro-league-season-18,162616,Inferno
2366098/natus-vincere-vs-5yclone-esl-pro-league-season-18,162632,Mirage
2366099/apeks-vs-m80-esl-pro-league-season-18,162624,Inferno
2366099/apeks-vs-m80-esl-pro-league-season-18,162629,Mirage
2366616/aurora-young-blud-vs-masonic-cct-north-europe-series-8-closed-qualifier,162611,Ancient
2366616/aurora-young-blud-vs-masonic-cct-north-europe-series-8-closed-qualifier,162614,Overpass
2366616/aurora-young-blud-vs-masonic-cct-north-europe-series-8-closed-qualifier,162627,Inferno
2366684/bebold-vs-boca-juniors-cct-south-america-series-11,162604,Inferno
2366684/bebold-vs-boca-juniors-cct-south-america-series-11,162612,Ancient
2366684/bebold-vs-boca-juniors-cct-south-america-series-11,162626,Overpass
2366480/mibr-vs-pompa-thunderpick-world-championship-2023-europe-series-2,162605,Inferno
2366480/mibr-vs-pompa-thunderpick-world-championship-2023-europe-series-2,162621,Nuke
2366600/preasy-vs-anonymo-european-pro-league-season-10,162601,Nuke
2366600/preasy-vs-anonymo-european-pro-league-season-10,162609,Inferno
2366600/preasy-vs-anonymo-european-pro-league-season-10,162617,Ancient
2366693/forze-vs-benched-cct-east-europe-series-2,162607,Inferno
2366693/forze-vs-benched-cct-east-europe-series-2,162615,Mirage
2366681/looking-for-org-vs-vantage-esl-australia-nz-championship-season-17,162599,Overpass
2366681/looking-for-org-vs-vantage-esl-australia-nz-championship-season-17,162606,Inferno
2366479/og-vs-tsm-thunderpick-world-championship-2023-europe-series-2,162586,Mirage
2366479/og-vs-tsm-thunderpick-world-championship-2023-europe-series-2,162591,Overpass
2366479/og-vs-tsm-thunderpick-world-championship-2023-europe-series-2,162598,Ancient
2366599/pge-turow-vs-entropiq-european-pro-league-season-10,162587,Inferno
2366599/pge-turow-vs-entropiq-european-pro-league-season-10,162590,Ancient
2366599/pge-turow-vs-entropiq-european-pro-league-season-10,162596,Nuke
2366692/500-vs-arcred-cct-east-europe-series-2,162589,Anubis
2366692/500-vs-arcred-cct-east-europe-series-2,162595,Inferno
2366680/sunday-school-vs-mindfreak-esl-australia-nz-championship-season-17,162588,Nuke
2366680/sunday-school-vs-mindfreak-esl-australia-nz-championship-season-17,162593,Inferno
2366609/bad-news-bears-vs-wildcard-esl-challenger-league-season-46-north-america,162584,Ancient
2366609/bad-news-bears-vs-wildcard-esl-challenger-league-season-46-north-america,162585,Nuke
2366594/falcons-vs-tsm-cct-east-europe-series-2,162574,Ancient
2366594/falcons-vs-tsm-cct-east-europe-series-2,162577,Mirage
2366594/falcons-vs-tsm-cct-east-europe-series-2,162579,Nuke
2366478/spirit-vs-sprout-thunderpick-world-championship-2023-europe-series-2,162572,Mirage
2366478/spirit-vs-sprout-thunderpick-world-championship-2023-europe-series-2,162578,Ancient
2366624/jano-vs-pge-turow-cct-north-europe-series-8-closed-qualifier,162569,Ancient
2366624/jano-vs-pge-turow-cct-north-europe-series-8-closed-qualifier,162570,Mirage
2366624/jano-vs-pge-turow-cct-north-europe-series-8-closed-qualifier,162576,Anubis
2366477/bad-news-eagles-vs-9z-thunderpick-world-championship-2023-europe-series-2,162560,Mirage
2366477/bad-news-eagles-vs-9z-thunderpick-world-championship-2023-europe-series-2,162563,Inferno
2366477/bad-news-eagles-vs-9z-thunderpick-world-championship-2023-europe-series-2,162568,Overpass
2366593/pompa-vs-sampi-cct-east-europe-series-2,162564,Overpass
2366593/pompa-vs-sampi-cct-east-europe-series-2,162567,Mirage
2366637/o-plano-vs-furia-academy-cct-south-america-series-11,162562,Mirage
2366637/o-plano-vs-furia-academy-cct-south-america-series-11,162566,Inferno
2366623/knasigt-vs-zero-tenacity-cct-north-europe-series-8-closed-qualifier,162561,Anubis
2366623/knasigt-vs-zero-tenacity-cct-north-europe-series-8-closed-qualifier,162565,Overpass
2366592/forze-vs-preasy-cct-east-europe-series-2,162550,Inferno
2366592/forze-vs-preasy-cct-east-europe-series-2,162553,Overpass
2366592/forze-vs-preasy-cct-east-europe-series-2,162559,Ancient
2366476/saw-vs-looking4org-thunderpick-world-championship-2023-europe-series-2,162549,Nuke
2366476/saw-vs-looking4org-thunderpick-world-championship-2023-europe-series-2,162555,Inferno
2366598/singularity-vs-anonymo-european-pro-league-season-10,162544,Ancient
2366598/singularity-vs-anonymo-european-pro-league-season-10,162547,Vertigo
2366591/los-kogutos-vs-arcred-cct-east-europe-series-2,162535,Anubis
2366591/los-kogutos-vs-arcred-cct-east-europe-series-2,162541,Nuke
2366591/los-kogutos-vs-arcred-cct-east-europe-series-2,162545,Mirage
2366475/into-the-breach-vs-alternate-attax-thunderpick-world-championship-2023-europe-series-2,162533,Anubis
2366475/into-the-breach-vs-alternate-attax-thunderpick-world-championship-2023-europe-series-2,162539,Inferno
2366475/into-the-breach-vs-alternate-attax-thunderpick-world-championship-2023-europe-series-2,162543,Mirage
2366621/astralis-talent-vs-zero-tenacity-cct-north-europe-series-8-closed-qualifier,162534,Overpass
2366621/astralis-talent-vs-zero-tenacity-cct-north-europe-series-8-closed-qualifier,162536,Anubis
2366621/astralis-talent-vs-zero-tenacity-cct-north-europe-series-8-closed-qualifier,162542,Nuke
2366597/500-vs-preasy-european-pro-league-season-10,162532,Ancient
2366597/500-vs-preasy-european-pro-league-season-10,162537,Inferno
2366635/intense-vs-uno-mille-cct-south-america-series-11,162530,Inferno
2366635/intense-vs-uno-mille-cct-south-america-series-11,162531,Ancient
2366588/sprout-vs-500-cct-east-europe-series-2,162524,Inferno
2366588/sprout-vs-500-cct-east-europe-series-2,162527,Anubis
2366588/sprout-vs-500-cct-east-europe-series-2,162529,Overpass
2366634/windingo-vs-oddik-cct-south-america-series-11,162525,Ancient
2366634/windingo-vs-oddik-cct-south-america-series-11,162526,Anubis
2366620/thunderflash-vs-jano-cct-north-europe-series-8-closed-qualifier,162519,Ancient
2366620/thunderflash-vs-jano-cct-north-europe-series-8-closed-qualifier,162522,Nuke
2366633/boca-juniors-vs-the-union-cct-south-america-series-11,162513,Inferno
2366633/boca-juniors-vs-the-union-cct-south-america-series-11,162517,Anubis
2366633/boca-juniors-vs-the-union-cct-south-america-series-11,162520,Ancient
2366589/betboom-vs-shapito-cct-east-europe-series-2,162515,Ancient
2366589/betboom-vs-shapito-cct-east-europe-series-2,162518,Vertigo
2366614/jano-vs-pge-turow-cct-north-europe-series-8-closed-qualifier,162510,Mirage
2366614/jano-vs-pge-turow-cct-north-europe-series-8-closed-qualifier,162514,Anubis
2366590/anonymo-vs-9-pandas-cct-east-europe-series-2,162507,Overpass
2366590/anonymo-vs-9-pandas-cct-east-europe-series-2,162512,Ancient
2366632/corinthians-vs-bebold-cct-south-america-series-11,162501,Overpass
2366632/corinthians-vs-bebold-cct-south-america-series-11,162508,Nuke
2366596/entropiq-vs-sprout-european-pro-league-season-10,162494,Inferno
2366596/entropiq-vs-sprout-european-pro-league-season-10,162497,Overpass
2366596/entropiq-vs-sprout-european-pro-league-season-10,162503,Ancient
2366611/knasigt-vs-astralis-talent-cct-north-europe-series-8-closed-qualifier,162492,Overpass
2366611/knasigt-vs-astralis-talent-cct-north-europe-series-8-closed-qualifier,162495,Ancient
2366611/knasigt-vs-astralis-talent-cct-north-europe-series-8-closed-qualifier,162498,Anubis
2366595/pge-turow-vs-espionage-european-pro-league-season-10,162489,Nuke
2366595/pge-turow-vs-espionage-european-pro-league-season-10,162490,Ancient
2366562/party-astronauts-vs-forsaken-ace-north-american-masters-fall-2023-blast-premier-qualifier,162486,Overpass
2366562/party-astronauts-vs-forsaken-ace-north-american-masters-fall-2023-blast-premier-qualifier,162488,Nuke
2366097/monte-vs-mibr-esl-pro-league-season-18,162484,Vertigo
2366097/monte-vs-mibr-esl-pro-league-season-18,162485,Anubis
2366515/into-the-breach-vs-9ine-res-western-european-masters-fall-2023-blast-premier-qualifier,162479,Ancient
2366515/into-the-breach-vs-9ine-res-western-european-masters-fall-2023-blast-premier-qualifier,162483,Vertigo
2366474/sinners-vs-pompa-thunderpick-world-championship-2023-europe-series-2,162478,Overpass
2366474/sinners-vs-pompa-thunderpick-world-championship-2023-europe-series-2,162482,Inferno
2366096/big-vs-ence-esl-pro-league-season-18,162474,Ancient
2366096/big-vs-ence-esl-pro-league-season-18,162477,Anubis
2366096/big-vs-ence-esl-pro-league-season-18,162481,Vertigo
2366631/shapito-vs-nexus-acl-season-1,162473,Inferno
2366631/shapito-vs-nexus-acl-season-1,162475,Nuke
2366631/shapito-vs-nexus-acl-season-1,162480,Mirage
2366514/9ine-vs-looking4org-res-western-european-masters-fall-2023-blast-premier-qualifier,162469,Vertigo
2366514/9ine-vs-looking4org-res-western-european-masters-fall-2023-blast-premier-qualifier,162472,Ancient
2366473/astralis-talent-vs-tsm-thunderpick-world-championship-2023-europe-series-2,162468,Nuke
2366473/astralis-talent-vs-tsm-thunderpick-world-championship-2023-europe-series-2,162471,Vertigo
2366502/movistar-riders-vs-ftw-rtp-arena-fall-cup-2023-blast-premier-qualifier,162467,Inferno
2366502/movistar-riders-vs-ftw-rtp-arena-fall-cup-2023-blast-premier-qualifier,162470,Anubis
2366095/evil-geniuses-vs-mibr-esl-pro-league-season-18,162454,Ancient
2366095/evil-geniuses-vs-mibr-esl-pro-league-season-18,162457,Mirage
2366095/evil-geniuses-vs-mibr-esl-pro-league-season-18,162463,Nuke
2366513/sprout-vs-into-the-breach-res-western-european-masters-fall-2023-blast-premier-qualifier,162455,Inferno
2366513/sprout-vs-into-the-breach-res-western-european-masters-fall-2023-blast-premier-qualifier,162461,Anubis
2366472/alternate-attax-vs-falcons-thunderpick-world-championship-2023-europe-series-2,162456,Inferno
2366472/alternate-attax-vs-falcons-thunderpick-world-championship-2023-europe-series-2,162460,Mirage
2366471/500-vs-arcred-thunderpick-world-championship-2023-europe-series-2,162448,Ancient
2366471/500-vs-arcred-thunderpick-world-championship-2023-europe-series-2,162451,Nuke
2366471/500-vs-arcred-thunderpick-world-championship-2023-europe-series-2,162453,Anubis
2366580/vantage-vs-john-industries-cct-oceania-series-1,162447,Anubis
2366580/vantage-vs-john-industries-cct-oceania-series-1,162452,Inferno
2366563/preasy-vs-alternate-attax-european-pro-league-season-10,162446,Overpass
2366563/preasy-vs-alternate-attax-european-pro-league-season-10,162450,Ancient
2366578/looking-for-org-vs-sunday-school-cct-oceania-series-1,162445,Ancient
2366578/looking-for-org-vs-sunday-school-cct-oceania-series-1,162449,Inferno
2366579/antic-vs-mindfreak-cct-oceania-series-1,162442,Overpass
2366579/antic-vs-mindfreak-cct-oceania-series-1,162444,Nuke
2366577/vertex-vs-stirlzs-angels-cct-oceania-series-1,162441,Overpass
2366577/vertex-vs-stirlzs-angels-cct-oceania-series-1,162443,Nuke
2366561/forsaken-vs-nouns-ace-north-american-masters-fall-2023-blast-premier-qualifier,162438,Mirage
2366561/forsaken-vs-nouns-ace-north-american-masters-fall-2023-blast-premier-qualifier,162439,Overpass
2366561/forsaken-vs-nouns-ace-north-american-masters-fall-2023-blast-premier-qualifier,162440,Inferno
2366560/party-astronauts-vs-wildcard-ace-north-american-masters-fall-2023-blast-premier-qualifier,162434,Nuke
2366560/party-astronauts-vs-wildcard-ace-north-american-masters-fall-2023-blast-premier-qualifier,162435,Ancient
2366560/party-astronauts-vs-wildcard-ace-north-american-masters-fall-2023-blast-premier-qualifier,162436,Inferno
2366094/monte-vs-heroic-esl-pro-league-season-18,162423,Mirage
2366094/monte-vs-heroic-esl-pro-league-season-18,162429,Overpass
2366094/monte-vs-heroic-esl-pro-league-season-18,162433,Ancient
2366576/singularity-vs-shapito-cct-east-europe-series-2-closed-qualifier,162426,Mirage
2366576/singularity-vs-shapito-cct-east-europe-series-2-closed-qualifier,162432,Ancient
2366501/ftw-vs-los-alpacas-rtp-arena-fall-cup-2023-blast-premier-qualifier,162425,Inferno
2366501/ftw-vs-los-alpacas-rtp-arena-fall-cup-2023-blast-premier-qualifier,162428,Vertigo
2366572/havu-vs-jano-pelaajat-series-fall-2023,162422,Mirage
2366572/havu-vs-jano-pelaajat-series-fall-2023,162427,Ancient
2366470/9-pandas-vs-sprout-thunderpick-world-championship-2023-europe-series-2,162419,Inferno
2366470/9-pandas-vs-sprout-thunderpick-world-championship-2023-europe-series-2,162424,Ancient
2366512/genone-vs-into-the-breach-res-western-european-masters-fall-2023-blast-premier-qualifier,162421,Inferno
2366500/saw-vs-movistar-riders-rtp-arena-fall-cup-2023-blast-premier-qualifier,162402,Inferno
2366500/saw-vs-movistar-riders-rtp-arena-fall-cup-2023-blast-premier-qualifier,162412,Overpass
2366500/saw-vs-movistar-riders-rtp-arena-fall-cup-2023-blast-premier-qualifier,162417,Ancient
2366511/endpoint-vs-into-the-breach-res-western-european-masters-fall-2023-blast-premier-qualifier,162414,Mirage
2366469/looking4org-vs-los-kogutos-thunderpick-world-championship-2023-europe-series-2,162408,Nuke
2366469/looking4org-vs-los-kogutos-thunderpick-world-championship-2023-europe-series-2,162413,Vertigo
2366093/mibr-vs-mouz-esl-pro-league-season-18,162407,Vertigo
2366093/mibr-vs-mouz-esl-pro-league-season-18,162411,Inferno
2366571/ence-academy-vs-jano-pelaajat-series-fall-2023,162399,Ancient
2366571/ence-academy-vs-jano-pelaajat-series-fall-2023,162403,Mirage
2366571/ence-academy-vs-jano-pelaajat-series-fall-2023,162410,Inferno
2366510/9ine-vs-genone-res-western-european-masters-fall-2023-blast-premier-qualifier,162404,Anubis
2366574/arcred-vs-knasigt-cct-east-europe-series-2-closed-qualifier,162397,Overpass
2366574/arcred-vs-knasigt-cct-east-europe-series-2-closed-qualifier,162401,Ancient
2366468/9z-vs-preasy-thunderpick-world-championship-2023-europe-series-2,162396,Nuke
2366468/9z-vs-preasy-thunderpick-world-championship-2023-europe-series-2,162400,Ancient
2366509/into-the-breach-vs-genone-res-western-european-masters-fall-2023-blast-premier-qualifier,162398,Inferno
2366565/espionage-vs-eyeballers-european-pro-league-season-10,162386,Nuke
2366565/espionage-vs-eyeballers-european-pro-league-season-10,162395,Inferno
2366092/rooster-vs-evil-geniuses-esl-pro-league-season-18,162384,Mirage
2366092/rooster-vs-evil-geniuses-esl-pro-league-season-18,162394,Nuke
2366573/tsm-vs-genone-cct-east-europe-series-2-closed-qualifier,162378,Nuke
2366573/tsm-vs-genone-cct-east-europe-series-2-closed-qualifier,162383,Ancient
2366573/tsm-vs-genone-cct-east-europe-series-2-closed-qualifier,162393,Mirage
2366568/mindfreak-vs-stirlzs-angels-cct-oceania-series-1,162375,Overpass
2366568/mindfreak-vs-stirlzs-angels-cct-oceania-series-1,162382,Nuke
2366568/mindfreak-vs-stirlzs-angels-cct-oceania-series-1,162389,Anubis
2366467/00nation-vs-endpoint-thunderpick-world-championship-2023-europe-series-2,162374,Anubis
2366467/00nation-vs-endpoint-thunderpick-world-championship-2023-europe-series-2,162379,Mirage
2366467/00nation-vs-endpoint-thunderpick-world-championship-2023-europe-series-2,162385,Ancient
2366569/john-industries-vs-sunday-school-cct-oceania-series-1,162376,Ancient
2366569/john-industries-vs-sunday-school-cct-oceania-series-1,162380,Inferno
2366564/sprout-vs-enterprise-european-pro-league-season-10,162373,Inferno
2366564/sprout-vs-enterprise-european-pro-league-season-10,162377,Ancient
2366567/looking-for-org-vs-vantage-cct-oceania-series-1,162368,Ancient
2366567/looking-for-org-vs-vantage-cct-oceania-series-1,162370,Overpass
2366567/looking-for-org-vs-vantage-cct-oceania-series-1,162372,Inferno
2366566/vertex-vs-antic-cct-oceania-series-1,162369,Inferno
2366566/vertex-vs-antic-cct-oceania-series-1,162371,Nuke
2366557/wildcard-vs-forsaken-ace-north-american-masters-fall-2023-blast-premier-qualifier,162365,Inferno
2366540/forsaken-vs-bad-news-bears-ace-north-american-masters-fall-2023-blast-premier-qualifier,162363,Inferno
2366553/raptors-ec-vs-endpoint-esl-premiership-autumn-2023,162349,Ancient
2366553/raptors-ec-vs-endpoint-esl-premiership-autumn-2023,162356,Vertigo
2366553/raptors-ec-vs-endpoint-esl-premiership-autumn-2023,162358,Inferno
2366091/heroic-vs-mouz-esl-pro-league-season-18,162352,Mirage
2366091/heroic-vs-mouz-esl-pro-league-season-18,162355,Nuke
2366466/9z-vs-masonic-thunderpick-world-championship-2023-europe-series-2,162347,Nuke
2366466/9z-vs-masonic-thunderpick-world-championship-2023-europe-series-2,162351,Overpass
2366466/9z-vs-masonic-thunderpick-world-championship-2023-europe-series-2,162354,Ancient
2366507/looking4org-vs-alternate-attax-res-western-european-masters-fall-2023-blast-premier-qualifier,162348,Inferno
2366090/monte-vs-mibr-esl-pro-league-season-18,162332,Vertigo
2366090/monte-vs-mibr-esl-pro-league-season-18,162340,Anubis
2366090/monte-vs-mibr-esl-pro-league-season-18,162344,Mirage
2366465/00nation-vs-singularity-thunderpick-world-championship-2023-europe-series-2,162338,Anubis
2366465/00nation-vs-singularity-thunderpick-world-championship-2023-europe-series-2,162343,Ancient
2366506/fnatic-vs-alternate-attax-res-western-european-masters-fall-2023-blast-premier-qualifier,162342,Inferno
2366497/movistar-riders-vs-ftw-rtp-arena-fall-cup-2023-blast-premier-qualifier,162339,Ancient
2366544/knasigt-vs-the-prodigies-cct-east-europe-series-2-closed-qualifier,162322,Mirage
2366544/knasigt-vs-the-prodigies-cct-east-europe-series-2-closed-qualifier,162329,Inferno
2366544/knasigt-vs-the-prodigies-cct-east-europe-series-2-closed-qualifier,162337,Anubis
2366552/endpoint-vs-ex-coalesce-esl-premiership-autumn-2023,162328,Inferno
2366552/endpoint-vs-ex-coalesce-esl-premiership-autumn-2023,162336,Vertigo
2366505/sprout-vs-looking4org-res-western-european-masters-fall-2023-blast-premier-qualifier,162334,Anubis
2366464/pompa-vs-anonymo-thunderpick-world-championship-2023-europe-series-2,162320,Vertigo
2366464/pompa-vs-anonymo-thunderpick-world-championship-2023-europe-series-2,162331,Inferno
2366530/singularity-vs-eyeballers-european-pro-league-season-10,162317,Nuke
2366530/singularity-vs-eyeballers-european-pro-league-season-10,162321,Overpass
2366530/singularity-vs-eyeballers-european-pro-league-season-10,162327,Ancient
2366504/alternate-attax-vs-looking4org-res-western-european-masters-fall-2023-blast-premier-qualifier,162325,Inferno
2366503/fnatic-vs-sprout-res-western-european-masters-fall-2023-blast-premier-qualifier,162319,Ancient
2366551/verdant-vs-raptors-ec-esl-premiership-autumn-2023,162313,Ancient
2366551/verdant-vs-raptors-ec-esl-premiership-autumn-2023,162316,Nuke
2366463/sampi-vs-arcred-thunderpick-world-championship-2023-europe-series-2,162305,Overpass
2366463/sampi-vs-arcred-thunderpick-world-championship-2023-europe-series-2,162309,Mirage
2366463/sampi-vs-arcred-thunderpick-world-championship-2023-europe-series-2,162314,Ancient
2366531/espionage-vs-sashi-european-pro-league-season-10,162306,Overpass
2366531/espionage-vs-sashi-european-pro-league-season-10,162312,Nuke
2366556/nouns-vs-hound-ace-north-american-masters-fall-2023-blast-premier-qualifier,162304,Inferno
2366555/hound-vs-reason-ace-north-american-masters-fall-2023-blast-premier-qualifier,162302,Nuke
2366279/fluffy-aimers-vs-bad-news-bears-esl-challenger-league-season-46-north-america,162298,Ancient
2366279/fluffy-aimers-vs-bad-news-bears-esl-challenger-league-season-46-north-america,162300,Mirage
2366554/nouns-vs-party-astronauts-ace-north-american-masters-fall-2023-blast-premier-qualifier,162299,Ancient
2366538/party-astronauts-vs-reason-ace-north-american-masters-fall-2023-blast-premier-qualifier,162297,Ancient
2366537/nouns-vs-hound-ace-north-american-masters-fall-2023-blast-premier-qualifier,162296,Ancient
2366087/ence-vs-mibr-esl-pro-league-season-18,162281,Vertigo
2366087/ence-vs-mibr-esl-pro-league-season-18,162292,Anubis
2366087/ence-vs-mibr-esl-pro-league-season-18,162295,Ancient
2366089/evil-geniuses-vs-mouz-esl-pro-league-season-18,162276,Ancient
2366089/evil-geniuses-vs-mouz-esl-pro-league-season-18,162285,Inferno
2366541/tsm-vs-astralis-talent-cct-east-europe-series-2-closed-qualifier,162273,Vertigo
2366541/tsm-vs-astralis-talent-cct-east-europe-series-2-closed-qualifier,162280,Nuke
2366088/heroic-vs-big-esl-pro-league-season-18,162265,Ancient
2366088/heroic-vs-big-esl-pro-league-season-18,162271,Inferno
2366521/websterz-vs-astralis-talent-cct-east-europe-series-2-closed-qualifier,162256,Nuke
2366521/websterz-vs-astralis-talent-cct-east-europe-series-2-closed-qualifier,162262,Overpass
2366521/websterz-vs-astralis-talent-cct-east-europe-series-2-closed-qualifier,162270,Inferno
2366492/los-alpacas-vs-saw-rtp-arena-fall-cup-2023-blast-premier-qualifier,162269,Overpass
2366490/los-alpacas-vs-rhyno-rtp-arena-fall-cup-2023-blast-premier-qualifier,162259,Vertigo
2366086/rooster-vs-monte-esl-pro-league-season-18,162248,Nuke
2366086/rooster-vs-monte-esl-pro-league-season-18,162254,Anubis
2366086/rooster-vs-monte-esl-pro-league-season-18,162258,Mirage
2366532/500-vs-enterprise-european-pro-league-season-10,162250,Inferno
2366532/500-vs-enterprise-european-pro-league-season-10,162253,Ancient
2366532/500-vs-enterprise-european-pro-league-season-10,162257,Overpass
2366533/los-kogutos-vs-sprout-european-pro-league-season-10,162244,Mirage
2366533/los-kogutos-vs-sprout-european-pro-league-season-10,162245,Overpass
2366446/bad-news-bears-vs-kari-esl-challenger-league-season-46-north-america,162241,Ancient
2366446/bad-news-bears-vs-kari-esl-challenger-league-season-46-north-america,162242,Nuke
2366446/bad-news-bears-vs-kari-esl-challenger-league-season-46-north-america,162243,Anubis
2366529/ghoulsw-vs-melbet-cct-east-europe-series-2-closed-qualifier,162233,Ancient
2366529/ghoulsw-vs-melbet-cct-east-europe-series-2-closed-qualifier,162236,Anubis
2366529/ghoulsw-vs-melbet-cct-east-europe-series-2-closed-qualifier,162240,Inferno
2366085/mouz-vs-mibr-esl-pro-league-season-18,162230,Vertigo
2366085/mouz-vs-mibr-esl-pro-league-season-18,162234,Inferno
2366085/mouz-vs-mibr-esl-pro-league-season-18,162239,Mirage
2366462/falcons-vs-zero-tenacity-thunderpick-world-championship-2023-europe-series-2,162231,Nuke
2366462/falcons-vs-zero-tenacity-thunderpick-world-championship-2023-europe-series-2,162235,Mirage
2366462/falcons-vs-zero-tenacity-thunderpick-world-championship-2023-europe-series-2,162238,Anubis
2366084/evil-geniuses-vs-ence-esl-pro-league-season-18,162232,Mirage
2366084/evil-geniuses-vs-ence-esl-pro-league-season-18,162237,Nuke
2366082/big-vs-monte-esl-pro-league-season-18,162222,Vertigo
2366082/big-vs-monte-esl-pro-league-season-18,162226,Anubis
2366082/big-vs-monte-esl-pro-league-season-18,162228,Ancient
2366461/endpoint-vs-eyeballers-thunderpick-world-championship-2023-europe-series-2,162221,Ancient
2366461/endpoint-vs-eyeballers-thunderpick-world-championship-2023-europe-series-2,162225,Vertigo
2366083/heroic-vs-rooster-esl-pro-league-season-18,162220,Inferno
2366083/heroic-vs-rooster-esl-pro-league-season-18,162223,Mirage
2366534/alternate-attax-vs-entropiq-european-pro-league-season-10,162214,Inferno
2366534/alternate-attax-vs-entropiq-european-pro-league-season-10,162217,Overpass
2366534/alternate-attax-vs-entropiq-european-pro-league-season-10,162219,Mirage
2366460/preasy-vs-b8-thunderpick-world-championship-2023-europe-series-2,162213,Vertigo
2366460/preasy-vs-b8-thunderpick-world-championship-2023-europe-series-2,162215,Ancient
2366526/shapito-vs-rhyno-cct-east-europe-series-2-closed-qualifier,162208,Anubis
2366526/shapito-vs-rhyno-cct-east-europe-series-2-closed-qualifier,162210,Ancient
2366526/shapito-vs-rhyno-cct-east-europe-series-2-closed-qualifier,162212,Inferno
2366535/eclot-vs-preasy-european-pro-league-season-10,162204,Ancient
2366535/eclot-vs-preasy-european-pro-league-season-10,162207,Inferno
2366535/eclot-vs-preasy-european-pro-league-season-10,162211,Overpass
2366459/thunderflash-vs-sprout-thunderpick-world-championship-2023-europe-series-2,162205,Inferno
2366459/thunderflash-vs-sprout-thunderpick-world-championship-2023-europe-series-2,162209,Overpass
2366458/500-vs-the-prodigies-thunderpick-world-championship-2023-europe-series-2,162197,Ancient
2366458/500-vs-the-prodigies-thunderpick-world-championship-2023-europe-series-2,162200,Anubis
2366458/500-vs-the-prodigies-thunderpick-world-championship-2023-europe-series-2,162202,Mirage
2366519/ghoulsw-vs-masonic-cct-east-europe-series-2-closed-qualifier,162186,Mirage
2366519/ghoulsw-vs-masonic-cct-east-europe-series-2-closed-qualifier,162192,Overpass
2366455/sinners-vs-aurora-young-blud-thunderpick-world-championship-2023-europe-series-2,162187,Overpass
2366455/sinners-vs-aurora-young-blud-thunderpick-world-championship-2023-europe-series-2,162191,Mirage
2366536/jano-vs-anonymo-european-pro-league-season-10,162180,Mirage
2366536/jano-vs-anonymo-european-pro-league-season-10,162183,Inferno
2366536/jano-vs-anonymo-european-pro-league-season-10,162185,Ancient
2366456/alternate-attax-vs-nexus-thunderpick-world-championship-2023-europe-series-2,162179,Overpass
2366456/alternate-attax-vs-nexus-thunderpick-world-championship-2023-europe-series-2,162182,Mirage
2366516/arcred-vs-shapito-cct-east-europe-series-2-closed-qualifier,162175,Overpass
2366516/arcred-vs-shapito-cct-east-europe-series-2-closed-qualifier,162177,Mirage
2366441/anonymo-vs-pge-turow-european-pro-league-season-10,162173,Ancient
2366441/anonymo-vs-pge-turow-european-pro-league-season-10,162174,Mirage
2366441/anonymo-vs-pge-turow-european-pro-league-season-10,162176,Inferno
2366454/looking4org-vs-pge-turow-thunderpick-world-championship-2023-europe-series-2,162169,Inferno
2366454/looking4org-vs-pge-turow-thunderpick-world-championship-2023-europe-series-2,162172,Anubis
2366442/ence-academy-vs-jano-european-pro-league-season-10,162167,Mirage
2366442/ence-academy-vs-jano-european-pro-league-season-10,162170,Ancient
2366442/ence-academy-vs-jano-european-pro-league-season-10,162171,Nuke
2366453/rhyno-vs-9-pandas-thunderpick-world-championship-2023-europe-series-2,162166,Nuke
2366453/rhyno-vs-9-pandas-thunderpick-world-championship-2023-europe-series-2,162168,Anubis
2366440/eyeballers-vs-sashi-european-pro-league-season-10,162160,Inferno
2366440/eyeballers-vs-sashi-european-pro-league-season-10,162162,Overpass
2366440/eyeballers-vs-sashi-european-pro-league-season-10,162165,Nuke
2366439/espionage-vs-singularity-european-pro-league-season-10,162154,Mirage
2366439/espionage-vs-singularity-european-pro-league-season-10,162156,Overpass
2366439/espionage-vs-singularity-european-pro-league-season-10,162158,Ancient
2366451/los-kogutos-vs-knasigt-thunderpick-world-championship-2023-europe-series-2,162155,Overpass
2366451/los-kogutos-vs-knasigt-thunderpick-world-championship-2023-europe-series-2,162157,Vertigo
2366432/fluxo-vs-pain-cct-south-america-series-10,162149,Ancient
2366432/fluxo-vs-pain-cct-south-america-series-10,162150,Anubis
2366431/pain-vs-sharks-cct-south-america-series-10,162145,Anubis
2366431/pain-vs-sharks-cct-south-america-series-10,162147,Nuke
2366431/pain-vs-sharks-cct-south-america-series-10,162148,Vertigo
2366081/gamerlegion-vs-furia-esl-pro-league-season-18,162143,Mirage
2366081/gamerlegion-vs-furia-esl-pro-league-season-18,162146,Overpass
2366430/fluxo-vs-bestia-cct-south-america-series-10,162135,Anubis
2366430/fluxo-vs-bestia-cct-south-america-series-10,162140,Ancient
2366430/fluxo-vs-bestia-cct-south-america-series-10,162141,Overpass
2366080/movistar-riders-vs-vitality-esl-pro-league-season-18,162134,Overpass
2366080/movistar-riders-vs-vitality-esl-pro-league-season-18,162137,Inferno
2366450/vpangels-vs-navi-javelins-esl-impact-summer-2023-cash-cup-5-europe,162133,Inferno
2366450/vpangels-vs-navi-javelins-esl-impact-summer-2023-cash-cup-5-europe,162136,Ancient
2366408/lynn-vision-vs-5yclone-perfect-world-arena-premier-league-season-5,162123,Vertigo
2366408/lynn-vision-vs-5yclone-perfect-world-arena-premier-league-season-5,162128,Nuke
2366408/lynn-vision-vs-5yclone-perfect-world-arena-premier-league-season-5,162132,Anubis
2366438/sprout-vs-enterprise-european-pro-league-season-10,162124,Vertigo
2366438/sprout-vs-enterprise-european-pro-league-season-10,162127,Inferno
2366438/sprout-vs-enterprise-european-pro-league-season-10,162130,Anubis
2366396/serbia-vs-traffic-tashkent-iesf-world-championship-2023,162125,Overpass
2366396/serbia-vs-traffic-tashkent-iesf-world-championship-2023,162129,Ancient
2366079/grayhound-vs-furia-esl-pro-league-season-18,162121,Inferno
2366079/grayhound-vs-furia-esl-pro-league-season-18,162126,Vertigo
2366437/500-vs-los-kogutos-european-pro-league-season-10,162118,Nuke
2366437/500-vs-los-kogutos-european-pro-league-season-10,162119,Overpass
2366437/500-vs-los-kogutos-european-pro-league-season-10,162120,Ancient
2366429/sharks-vs-w7m-cct-south-america-series-10,162116,Anubis
2366429/sharks-vs-w7m-cct-south-america-series-10,162117,Inferno
2366428/bestia-vs-o-plano-cct-south-america-series-10,162113,Ancient
2366428/bestia-vs-o-plano-cct-south-america-series-10,162115,Nuke
2366078/gamerlegion-vs-ninjas-in-pyjamas-esl-pro-league-season-18,162109,Ancient
2366078/gamerlegion-vs-ninjas-in-pyjamas-esl-pro-league-season-18,162112,Overpass
2366078/gamerlegion-vs-ninjas-in-pyjamas-esl-pro-league-season-18,162114,Inferno
2366427/selva-vs-fluxo-cct-south-america-series-10,162104,Overpass
2366427/selva-vs-fluxo-cct-south-america-series-10,162107,Nuke
2366427/selva-vs-fluxo-cct-south-america-series-10,162110,Ancient
2366448/preasy-vs-eyeballers-pelaajat-nordic-masters-fall-2023-open-qualifier-2,162105,Ancient
2366077/astralis-vs-furia-esl-pro-league-season-18,162102,Overpass
2366077/astralis-vs-furia-esl-pro-league-season-18,162103,Nuke
2366426/solid-vs-pain-cct-south-america-series-10,162099,Mirage
2366426/solid-vs-pain-cct-south-america-series-10,162101,Inferno
2366395/traffic-tashkent-vs-germany-iesf-world-championship-2023,162096,Mirage
2366395/traffic-tashkent-vs-germany-iesf-world-championship-2023,162100,Ancient
2366076/grayhound-vs-orks-esl-pro-league-season-18,162091,Mirage
2366076/grayhound-vs-orks-esl-pro-league-season-18,162095,Nuke
2366076/grayhound-vs-orks-esl-pro-league-season-18,162097,Ancient
2366436/preasy-vs-entropiq-european-pro-league-season-10,162090,Inferno
2366436/preasy-vs-entropiq-european-pro-league-season-10,162094,Ancient
2366407/5yclone-vs-wings-up-perfect-world-arena-premier-league-season-5,162089,Inferno
2366407/5yclone-vs-wings-up-perfect-world-arena-premier-league-season-5,162093,Nuke
2366435/alternate-attax-vs-eclot-european-pro-league-season-10,162085,Anubis
2366435/alternate-attax-vs-eclot-european-pro-league-season-10,162087,Vertigo
2366406/lynn-vision-vs-atox-perfect-world-arena-premier-league-season-5,162084,Ancient
2366406/lynn-vision-vs-atox-perfect-world-arena-premier-league-season-5,162086,Inferno
2366425/o-plano-vs-furia-academy-cct-south-america-series-10,162082,Mirage
2366425/o-plano-vs-furia-academy-cct-south-america-series-10,162083,Inferno
2366424/bestia-vs-mibr-academy-cct-south-america-series-10,162077,Anubis
2366424/bestia-vs-mibr-academy-cct-south-america-series-10,162081,Overpass
2366423/solid-vs-bebold-cct-south-america-series-10,162065,Ancient
2366423/solid-vs-bebold-cct-south-america-series-10,162068,Overpass
2366423/solid-vs-bebold-cct-south-america-series-10,162073,Vertigo
2366075/ninjas-in-pyjamas-vs-furia-esl-pro-league-season-18,162069,Mirage
2366075/ninjas-in-pyjamas-vs-furia-esl-pro-league-season-18,162072,Nuke
2366443/espionage-vs-masonic-pelaajat-nordic-masters-fall-2023-open-qualifier-1,162067,Inferno
2366074/gamerlegion-vs-astralis-esl-pro-league-season-18,162061,Vertigo
2366074/gamerlegion-vs-astralis-esl-pro-league-season-18,162064,Inferno
2366422/sharks-vs-corinthians-cct-south-america-series-10,162059,Nuke
2366422/sharks-vs-corinthians-cct-south-america-series-10,162062,Mirage
2366405/wings-up-vs-themongolz-perfect-world-arena-premier-league-season-5,162054,Mirage
2366405/wings-up-vs-themongolz-perfect-world-arena-premier-league-season-5,162056,Ancient
2366405/wings-up-vs-themongolz-perfect-world-arena-premier-league-season-5,162058,Inferno
2366434/jano-vs-pge-turow-european-pro-league-season-10,162055,Mirage
2366434/jano-vs-pge-turow-european-pro-league-season-10,162057,Anubis
2366404/newhappy-vs-atox-perfect-world-arena-premier-league-season-5,162049,Inferno
2366404/newhappy-vs-atox-perfect-world-arena-premier-league-season-5,162051,Ancient
2366404/newhappy-vs-atox-perfect-world-arena-premier-league-season-5,162053,Overpass
2366433/ence-academy-vs-anonymo-european-pro-league-season-10,162050,Nuke
2366433/ence-academy-vs-anonymo-european-pro-league-season-10,162052,Ancient
2366420/paquet-vs-meta-cct-south-america-series-10,162044,Anubis
2366420/paquet-vs-meta-cct-south-america-series-10,162045,Mirage
2366071/orks-vs-astralis-esl-pro-league-season-18,162039,Nuke
2366071/orks-vs-astralis-esl-pro-league-season-18,162042,Overpass
2366073/vitality-vs-ninjas-in-pyjamas-esl-pro-league-season-18,162038,Mirage
2366073/vitality-vs-ninjas-in-pyjamas-esl-pro-league-season-18,162041,Nuke
2366419/fluxo-vs-oddik-cct-south-america-series-10,162036,Anubis
2366419/fluxo-vs-oddik-cct-south-america-series-10,162037,Ancient
2366072/movistar-riders-vs-gamerlegion-esl-pro-league-season-18,162030,Anubis
2366072/movistar-riders-vs-gamerlegion-esl-pro-league-season-18,162033,Ancient
2366418/w7m-vs-case-cct-south-america-series-10,162027,Nuke
2366418/w7m-vs-case-cct-south-america-series-10,162031,Mirage
2366402/atox-vs-5yclone-perfect-world-arena-premier-league-season-5,162022,Mirage
2366402/atox-vs-5yclone-perfect-world-arena-premier-league-season-5,162026,Nuke
2366070/furia-vs-grayhound-esl-pro-league-season-18,162020,Ancient
2366070/furia-vs-grayhound-esl-pro-league-season-18,162023,Vertigo
2366399/themongolz-vs-lynn-vision-perfect-world-arena-premier-league-season-5,162017,Inferno
2366399/themongolz-vs-lynn-vision-perfect-world-arena-premier-league-season-5,162018,Ancient
2366399/themongolz-vs-lynn-vision-perfect-world-arena-premier-league-season-5,162019,Nuke
2366391/germany-vs-astralis-talent-iesf-world-championship-2023,162013,Inferno
2366391/germany-vs-astralis-talent-iesf-world-championship-2023,162016,Overpass
2366068/astralis-vs-ninjas-in-pyjamas-esl-pro-league-season-18,162012,Ancient
2366068/astralis-vs-ninjas-in-pyjamas-esl-pro-league-season-18,162015,Inferno
2366069/vitality-vs-orks-esl-pro-league-season-18,162011,Mirage
2366069/vitality-vs-orks-esl-pro-league-season-18,162014,Nuke
2366066/furia-vs-movistar-riders-esl-pro-league-season-18,162004,Overpass
2366066/furia-vs-movistar-riders-esl-pro-league-season-18,162009,Nuke
2366067/grayhound-vs-gamerlegion-esl-pro-league-season-18,162003,Anubis
2366067/grayhound-vs-gamerlegion-esl-pro-league-season-18,162008,Ancient
2366401/nkt-vs-wings-up-perfect-world-arena-premier-league-season-5,161994,Nuke
2366401/nkt-vs-wings-up-perfect-world-arena-premier-league-season-5,161998,Overpass
2366401/nkt-vs-wings-up-perfect-world-arena-premier-league-season-5,162005,Ancient
2366376/5yclone-vs-wings-up-perfect-world-arena-premier-league-season-5,161992,Anubis
2366376/5yclone-vs-wings-up-perfect-world-arena-premier-league-season-5,161993,Overpass
2366375/atox-vs-nkt-perfect-world-arena-premier-league-season-5,161989,Mirage
2366375/atox-vs-nkt-perfect-world-arena-premier-league-season-5,161990,Inferno
2366375/atox-vs-nkt-perfect-world-arena-premier-league-season-5,161991,Overpass
2366344/nouns-vs-complexity-thunderpick-world-championship-2023-north-america-series-2,161987,Anubis
2366344/nouns-vs-complexity-thunderpick-world-championship-2023-north-america-series-2,161988,Nuke
2366411/mibr-academy-vs-lrv-cct-south-america-series-10,161985,Nuke
2366411/mibr-academy-vs-lrv-cct-south-america-series-10,161986,Overpass
2366390/traffic-tashkent-vs-hungary-iesf-world-championship-2023,161980,Inferno
2366390/traffic-tashkent-vs-hungary-iesf-world-championship-2023,161982,Anubis
2366390/traffic-tashkent-vs-hungary-iesf-world-championship-2023,161984,Mirage
2366409/corinthians-vs-uno-mille-cct-south-america-series-10,161976,Overpass
2366409/corinthians-vs-uno-mille-cct-south-america-series-10,161977,Nuke
2366398/newhappy-vs-tyloo-perfect-world-arena-premier-league-season-5,161973,Ancient
2366398/newhappy-vs-tyloo-perfect-world-arena-premier-league-season-5,161974,Anubis
2366374/lynn-vision-vs-tyloo-perfect-world-arena-premier-league-season-5,161971,Ancient
2366374/lynn-vision-vs-tyloo-perfect-world-arena-premier-league-season-5,161972,Inferno
2366373/themongolz-vs-newhappy-perfect-world-arena-premier-league-season-5,161968,Anubis
2366373/themongolz-vs-newhappy-perfect-world-arena-premier-league-season-5,161969,Ancient
2366373/themongolz-vs-newhappy-perfect-world-arena-premier-league-season-5,161970,Inferno
2366343/forsaken-vs-complexity-thunderpick-world-championship-2023-north-america-series-2,161965,Inferno
2366343/forsaken-vs-complexity-thunderpick-world-championship-2023-north-america-series-2,161966,Overpass
2366343/forsaken-vs-complexity-thunderpick-world-championship-2023-north-america-series-2,161967,Vertigo
2366342/nouns-vs-evil-geniuses-thunderpick-world-championship-2023-north-america-series-2,161953,Mirage
2366342/nouns-vs-evil-geniuses-thunderpick-world-championship-2023-north-america-series-2,161959,Ancient
2366342/nouns-vs-evil-geniuses-thunderpick-world-championship-2023-north-america-series-2,161964,Nuke
2366384/uno-mille-vs-meta-cct-south-america-series-10,161954,Ancient
2366384/uno-mille-vs-meta-cct-south-america-series-10,161958,Inferno
2366384/uno-mille-vs-meta-cct-south-america-series-10,161963,Mirage
2366383/bebold-vs-lrv-cct-south-america-series-10,161946,Ancient
2366383/bebold-vs-lrv-cct-south-america-series-10,161949,Inferno
2366383/bebold-vs-lrv-cct-south-america-series-10,161952,Overpass
2366372/themongolz-vs-5yclone-5e-arena-asia-cup-fall-2023-blast-premier-qualifier,161942,Nuke
2366372/themongolz-vs-5yclone-5e-arena-asia-cup-fall-2023-blast-premier-qualifier,161945,Ancient
2366382/furia-academy-vs-filhos-de-d10s-cct-south-america-series-10,161941,Mirage
2366382/furia-academy-vs-filhos-de-d10s-cct-south-america-series-10,161943,Ancient
2366371/lynn-vision-vs-5yclone-5e-arena-asia-cup-fall-2023-blast-premier-qualifier,161935,Anubis
2366371/lynn-vision-vs-5yclone-5e-arena-asia-cup-fall-2023-blast-premier-qualifier,161937,Nuke
2366371/lynn-vision-vs-5yclone-5e-arena-asia-cup-fall-2023-blast-premier-qualifier,161938,Inferno
2366386/ukraine-vs-australia-iesf-world-championship-2023,161934,Inferno
2366386/ukraine-vs-australia-iesf-world-championship-2023,161936,Ancient
2366370/atox-vs-themongolz-5e-arena-asia-cup-fall-2023-blast-premier-qualifier,161927,Overpass
2366370/atox-vs-themongolz-5e-arena-asia-cup-fall-2023-blast-premier-qualifier,161928,Nuke
2366370/atox-vs-themongolz-5e-arena-asia-cup-fall-2023-blast-premier-qualifier,161931,Ancient
2366341/complexity-vs-the-jungle-thunderpick-world-championship-2023-north-america-series-2,161925,Anubis
2366341/complexity-vs-the-jungle-thunderpick-world-championship-2023-north-america-series-2,161926,Nuke
2366381/mibr-academy-vs-the-union-cct-south-america-series-10,161913,Ancient
2366381/mibr-academy-vs-the-union-cct-south-america-series-10,161920,Mirage
2366381/mibr-academy-vs-the-union-cct-south-america-series-10,161922,Anubis
2366340/evil-geniuses-vs-bad-news-bears-thunderpick-world-championship-2023-north-america-series-2,161915,Overpass
2366340/evil-geniuses-vs-bad-news-bears-thunderpick-world-championship-2023-north-america-series-2,161919,Ancient
